SalesID,CustomerID,ProjectID,PropertyID,DateOfSale,SalePrice(INR),BrokerID,Status
SALE0001,CUST0001,PROJ001,001-B-129,2010-04-16,6274822,BRK013,Sold
SALE0002,CUST0002,PROJ001,001-B-122,2010-04-21,6808602,BRK013,Sold
SALE0003,CUST0003,PROJ001,001-B-114,2010-04-25,5493628,BRK010,Sold
SALE0004,CUST0004,PROJ001,001-D-130,2010-04-28,5876935,BRK005,Sold
SALE0005,CUST0005,PROJ001,001-B-109,2010-05-08,4942898,BRK014,Sold
SALE0006,CUST0006,PROJ001,001-B-132,2010-05-17,4537092,BRK003,Sold
SALE0007,CUST0007,PROJ001,001-C-125,2010-05-23,7137318,BRK007,Sold
SALE0008,CUST0008,PROJ001,001-D-118,2010-05-30,6115754,BRK013,Sold
SALE0009,CUST0009,PROJ001,001-C-113,2010-06-15,4614768,BRK005,Sold
SALE0010,CUST0010,PROJ001,001-C-136,2010-07-01,5834462,BRK010,Sold
SALE0011,CUST0011,PROJ001,001-C-124,2010-07-11,6892784,BRK004,Sold
SALE0012,CUST0012,PROJ001,001-A-132,2010-08-17,6969239,BRK009,Sold
SALE0013,CUST0013,PROJ001,001-D-109,2010-09-02,6401096,BRK011,Sold
SALE0014,CUST0014,PROJ001,001-A-137,2010-09-21,7219410,BRK009,Sold
SALE0015,CUST0015,PROJ001,001-D-115,2010-09-27,5271766,BRK006,Sold
SALE0016,CUST0016,PROJ001,001-C-121,2010-10-03,6888306,BRK003,Sold
SALE0017,CUST0017,PROJ001,001-C-116,2010-10-21,5196265,BRK003,Sold
SALE0018,CUST0018,PROJ001,001-D-123,2010-11-06,6877485,BRK005,Sold
SALE0019,CUST0019,PROJ001,001-D-112,2010-12-03,7273204,BRK011,Sold
SALE0020,CUST0020,PROJ001,001-B-135,2010-12-07,5596298,BRK005,Sold
SALE0021,CUST0021,PROJ001,001-D-101,2010-12-11,5715284,BRK001,Sold
SALE0022,CUST0022,PROJ001,001-D-116,2010-12-17,6905376,BRK006,Sold
SALE0023,CUST0023,PROJ001,001-D-111,2011-01-03,7343130,BRK009,Sold
SALE0024,CUST0024,PROJ001,001-D-119,2011-01-19,5909879,BRK003,Sold
SALE0025,CUST0025,PROJ001,001-C-112,2011-02-09,5757888,BRK002,Sold
SALE0026,CUST0026,PROJ001,001-C-101,2011-02-22,5108052,BRK014,Sold
SALE0027,CUST0027,PROJ001,001-A-138,2011-02-26,6750129,BRK013,Sold
SALE0028,CUST0028,PROJ001,001-D-137,2011-03-17,6065125,BRK012,Sold
SALE0029,CUST0029,PROJ001,001-C-137,2011-03-19,5410367,BRK008,Sold
SALE0030,CUST0030,PROJ001,001-D-135,2011-03-21,7154984,BRK011,Sold
SALE0031,CUST0031,PROJ001,001-B-134,2011-04-01,6650272,BRK004,Sold
SALE0032,CUST0032,PROJ001,001-B-103,2011-04-01,6985385,BRK013,Sold
SALE0033,CUST0033,PROJ001,001-B-116,2011-04-02,4509363,BRK011,Sold
SALE0034,CUST0034,PROJ001,001-B-130,2011-04-07,7293052,BRK004,Sold
SALE0035,CUST0035,PROJ001,001-C-106,2011-04-08,5077702,BRK007,Sold
SALE0036,CUST0036,PROJ001,001-A-114,2011-04-17,7463272,BRK005,Sold
SALE0037,CUST0037,PROJ001,001-B-102,2011-04-24,4787374,BRK011,Sold
SALE0038,CUST0038,PROJ001,001-A-113,2011-05-05,7264319,BRK002,Sold
SALE0039,CUST0039,PROJ001,001-A-119,2011-05-21,6786275,BRK001,Sold
SALE0040,CUST0040,PROJ001,001-C-130,2011-05-29,6729703,BRK013,Sold
SALE0041,CUST0041,PROJ001,001-B-138,2011-06-01,7446209,BRK013,Sold
SALE0042,CUST0042,PROJ001,001-B-124,2011-06-11,5592008,BRK008,Sold
SALE0043,CUST0043,PROJ001,001-A-106,2011-06-11,6991760,BRK015,Sold
SALE0044,CUST0044,PROJ001,001-A-129,2011-06-16,6583295,BRK008,Sold
SALE0045,CUST0045,PROJ001,001-A-131,2011-07-11,6178350,BRK015,Sold
SALE0046,CUST0046,PROJ001,001-B-108,2011-07-13,4576670,BRK012,Sold
SALE0047,CUST0047,PROJ001,001-A-118,2011-07-21,5838501,BRK013,Sold
SALE0048,CUST0048,PROJ002,002-D-119,2011-07-21,23470648,BRK007,Sold
SALE0049,CUST0049,PROJ002,002-A-102,2011-07-24,18146278,BRK012,Sold
SALE0050,CUST0050,PROJ002,002-D-118,2011-08-09,23582805,BRK008,Sold
SALE0051,CUST0051,PROJ002,002-B-110,2011-08-09,19077386,BRK010,Sold
SALE0052,CUST0052,PROJ002,002-C-124,2011-09-01,23205140,BRK012,Sold
SALE0053,CUST0053,PROJ001,001-C-107,2011-09-02,5216578,BRK002,Sold
SALE0054,CUST0054,PROJ001,001-A-123,2011-09-13,7265927,BRK010,Sold
SALE0055,CUST0055,PROJ002,002-C-113,2011-09-18,23361083,BRK006,Sold
SALE0056,CUST0056,PROJ002,002-A-120,2011-09-27,25054664,BRK009,Sold
SALE0057,CUST0057,PROJ002,002-B-112,2011-10-08,25893933,BRK002,Sold
SALE0058,CUST0058,PROJ002,002-D-115,2011-10-08,20860617,BRK013,Sold
SALE0059,CUST0059,PROJ001,001-B-131,2011-10-10,5199243,BRK011,Sold
SALE0060,CUST0060,PROJ001,001-D-136,2011-10-16,5774865,BRK002,Sold
SALE0061,CUST0061,PROJ002,002-C-119,2011-10-17,24575651,BRK006,Sold
SALE0062,CUST0062,PROJ001,001-B-112,2011-10-24,7210714,BRK009,Sold
SALE0063,CUST0063,PROJ002,002-D-117,2011-11-05,23693372,BRK005,Sold
SALE0064,CUST0064,PROJ001,001-D-120,2011-11-07,7332294,BRK012,Sold
SALE0065,CUST0065,PROJ001,001-B-128,2011-11-09,6215990,BRK013,Sold
SALE0066,CUST0066,PROJ002,002-A-115,2011-11-09,20814767,BRK010,Sold
SALE0067,CUST0067,PROJ002,002-C-108,2011-11-12,21109422,BRK006,Sold
SALE0068,CUST0068,PROJ001,001-B-105,2011-11-23,4534354,BRK008,Sold
SALE0069,CUST0069,PROJ002,002-A-105,2011-11-24,15437839,BRK001,Sold
SALE0070,CUST0070,PROJ002,002-B-102,2011-11-27,17008892,BRK015,Sold
SALE0071,CUST0071,PROJ002,002-A-106,2011-11-28,26608474,BRK007,Sold
SALE0072,CUST0072,PROJ002,002-B-114,2011-12-12,23448800,BRK006,Sold
SALE0073,CUST0073,PROJ002,002-D-126,2011-12-13,27482691,BRK011,Sold
SALE0074,CUST0074,PROJ002,002-B-124,2011-12-18,28433171,BRK008,Sold
SALE0075,CUST0075,PROJ002,002-D-109,2011-12-18,22603948,BRK005,Sold
SALE0076,CUST0076,PROJ001,001-B-136,2011-12-22,5030252,BRK009,Sold
SALE0077,CUST0077,PROJ002,002-D-111,2011-12-30,19990289,BRK001,Sold
SALE0078,CUST0078,PROJ002,002-B-107,2012-01-08,23623862,BRK012,Sold
SALE0079,CUST0079,PROJ002,002-A-108,2012-01-14,15448191,BRK004,Sold
SALE0080,CUST0080,PROJ001,001-C-131,2012-01-17,5939108,BRK007,Sold
SALE0081,CUST0081,PROJ001,001-C-119,2012-01-24,6491586,BRK013,Sold
SALE0082,CUST0082,PROJ002,002-A-107,2012-01-29,23672213,BRK009,Sold
SALE0083,CUST0083,PROJ001,001-A-136,2012-01-30,5006578,BRK008,Sold
SALE0084,CUST0084,PROJ002,002-A-114,2012-02-01,20998751,BRK013,Sold
SALE0085,CUST0085,PROJ001,001-C-128,2012-02-08,5911973,BRK008,Sold
SALE0086,CUST0086,PROJ002,002-C-126,2012-02-09,15206589,BRK007,Sold
SALE0087,CUST0087,PROJ001,001-A-134,2012-02-13,6776411,BRK013,Sold
SALE0088,CUST0088,PROJ002,002-C-114,2012-02-20,26047948,BRK009,Sold
SALE0089,CUST0089,PROJ001,001-C-120,2012-02-25,7017289,BRK010,Sold
SALE0090,CUST0090,PROJ001,001-C-135,2012-02-27,4564760,BRK014,Sold
SALE0091,CUST0091,PROJ001,001-C-110,2012-02-27,7351397,BRK010,Sold
SALE0092,CUST0092,PROJ002,002-A-118,2012-02-27,25471452,BRK015,Sold
SALE0093,CUST0093,PROJ001,001-B-118,2012-03-06,6299279,BRK009,Sold
SALE0094,CUST0094,PROJ001,001-C-108,2012-03-06,5984159,BRK004,Sold
SALE0095,CUST0095,PROJ001,001-A-110,2012-03-08,6595018,BRK003,Sold
SALE0096,CUST0096,PROJ001,001-A-120,2012-03-08,5529966,BRK004,Sold
SALE0097,CUST0097,PROJ002,002-D-130,2012-03-10,19553577,BRK013,Sold
SALE0098,CUST0098,PROJ002,002-C-104,2012-03-15,15820287,BRK007,Sold
SALE0099,CUST0099,PROJ001,001-A-104,2012-03-26,5324197,BRK001,Sold
SALE0100,CUST0100,PROJ002,002-C-112,2012-03-28,29109629,BRK015,Sold
SALE0101,CUST0101,PROJ002,002-B-122,2012-03-30,15879269,BRK010,Sold
SALE0102,CUST0102,PROJ001,001-A-124,2012-04-02,4917134,BRK001,Sold
SALE0103,CUST0103,PROJ001,001-B-111,2012-04-04,5726309,BRK015,Sold
SALE0104,CUST0104,PROJ001,001-D-102,2012-04-09,4703764,BRK007,Sold
SALE0105,CUST0105,PROJ001,001-B-123,2012-04-24,4705185,BRK009,Sold
SALE0106,CUST0106,PROJ001,001-D-131,2012-04-25,6413414,BRK008,Sold
SALE0107,CUST0107,PROJ001,001-A-103,2012-04-29,5262985,BRK013,Sold
SALE0108,CUST0108,PROJ001,001-D-103,2012-04-30,4996307,BRK008,Sold
SALE0109,CUST0109,PROJ001,001-A-112,2012-05-23,5192075,BRK014,Sold
SALE0110,CUST0110,PROJ001,001-A-126,2012-05-30,7176913,BRK003,Sold
SALE0111,CUST0111,PROJ002,002-A-121,2012-06-02,23753211,BRK011,Sold
SALE0112,CUST0112,PROJ001,001-C-103,2012-06-03,5161255,BRK012,Sold
SALE0113,CUST0113,PROJ001,001-D-110,2012-06-03,5278567,BRK001,Sold
SALE0114,CUST0114,PROJ002,002-A-129,2012-06-08,22720300,BRK004,Sold
SALE0115,CUST0115,PROJ001,001-A-133,2012-06-13,7017928,BRK002,Sold
SALE0116,CUST0116,PROJ002,002-C-101,2012-06-20,27581444,BRK002,Sold
SALE0117,CUST0117,PROJ001,001-B-120,2012-06-27,7397423,BRK005,Sold
SALE0118,CUST0118,PROJ002,002-B-113,2012-06-30,27365298,BRK011,Sold
SALE0119,CUST0119,PROJ001,001-B-117,2012-07-02,5437309,BRK014,Sold
SALE0120,CUST0120,PROJ001,001-D-108,2012-07-08,5584619,BRK008,Sold
SALE0121,CUST0121,PROJ001,001-A-125,2012-07-13,5056067,BRK001,Sold
SALE0122,CUST0122,PROJ001,001-D-126,2012-07-15,6294530,BRK004,Sold
SALE0123,CUST0123,PROJ002,002-B-120,2012-07-22,18836559,BRK002,Sold
SALE0124,CUST0124,PROJ001,001-C-122,2012-07-23,4978506,BRK013,Sold
SALE0125,CUST0125,PROJ002,002-B-127,2012-07-26,16697598,BRK012,Sold
SALE0126,CUST0126,PROJ002,002-C-116,2012-07-31,23513195,BRK003,Sold
SALE0127,CUST0127,PROJ002,002-B-119,2012-08-01,27928307,BRK003,Sold
SALE0128,CUST0128,PROJ002,002-B-109,2012-08-02,27068490,BRK013,Sold
SALE0129,CUST0129,PROJ001,001-C-115,2012-08-05,4759814,BRK003,Sold
SALE0130,CUST0130,PROJ001,001-A-135,2012-08-08,7363177,BRK004,Sold
SALE0131,CUST0131,PROJ002,002-D-106,2012-08-12,15636144,BRK001,Sold
SALE0132,CUST0132,PROJ001,001-D-133,2012-08-17,6928217,BRK007,Sold
SALE0133,CUST0133,PROJ002,002-A-112,2012-08-29,15295012,BRK006,Sold
SALE0134,CUST0134,PROJ002,002-A-101,2012-09-04,29936788,BRK005,Sold
SALE0135,CUST0135,PROJ001,001-C-105,2012-09-12,4647371,BRK004,Sold
SALE0136,CUST0136,PROJ001,001-C-118,2012-09-17,6840661,BRK005,Sold
SALE0137,CUST0137,PROJ001,001-C-134,2012-09-23,4863325,BRK008,Sold
SALE0138,CUST0138,PROJ001,001-C-132,2012-09-23,5094712,BRK009,Sold
SALE0139,CUST0139,PROJ002,002-A-122,2012-10-10,20438228,BRK005,Sold
SALE0140,CUST0140,PROJ001,001-D-124,2012-10-11,7118969,BRK010,Sold
SALE0141,CUST0141,PROJ003,003-C-129,2012-10-11,10426191,BRK002,Sold
SALE0142,CUST0142,PROJ003,003-C-126,2012-10-13,10686171,BRK011,Sold
SALE0143,CUST0143,PROJ001,001-A-111,2012-10-17,6406189,BRK007,Sold
SALE0144,CUST0144,PROJ001,001-C-114,2012-10-18,6414333,BRK013,Sold
SALE0145,CUST0145,PROJ002,002-A-125,2012-10-19,29979390,BRK012,Sold
SALE0146,CUST0146,PROJ002,002-D-116,2012-10-22,22485945,BRK009,Sold
SALE0147,CUST0147,PROJ003,003-D-133,2012-10-28,6091166,BRK002,Sold
SALE0148,CUST0148,PROJ002,002-C-123,2012-10-30,28959687,BRK010,Sold
SALE0149,CUST0149,PROJ003,003-D-121,2012-10-30,7438714,BRK001,Sold
SALE0150,CUST0150,PROJ003,003-A-144,2012-11-02,10406891,BRK007,Sold
SALE0151,CUST0151,PROJ001,001-A-117,2012-11-05,5773438,BRK007,Sold
SALE0152,CUST0152,PROJ003,003-C-146,2012-11-07,9125904,BRK005,Sold
SALE0153,CUST0153,PROJ001,001-D-132,2012-11-09,5045962,BRK001,Sold
SALE0154,CUST0154,PROJ002,002-B-125,2012-11-19,27953297,BRK013,Sold
SALE0155,CUST0155,PROJ001,001-A-122,2012-11-22,5138567,BRK008,Sold
SALE0156,CUST0156,PROJ002,002-B-103,2012-11-23,26745509,BRK003,Sold
SALE0157,CUST0157,PROJ001,001-D-105,2012-11-26,4644297,BRK012,Sold
SALE0158,CUST0158,PROJ003,003-D-119,2012-11-26,6573484,BRK010,Sold
SALE0159,CUST0159,PROJ001,001-B-127,2012-12-05,7165952,BRK001,Sold
SALE0160,CUST0160,PROJ001,001-A-102,2012-12-19,7109163,BRK008,Sold
SALE0161,CUST0161,PROJ001,001-A-121,2012-12-22,7004984,BRK013,Sold
SALE0162,CUST0162,PROJ001,001-D-127,2012-12-28,5795991,BRK002,Sold
SALE0163,CUST0163,PROJ001,001-C-109,2012-12-28,7367635,BRK014,Sold
SALE0164,CUST0164,PROJ001,001-B-110,2013-01-02,4905400,BRK011,Sold
SALE0165,CUST0165,PROJ003,003-A-124,2013-01-02,10392364,BRK015,Sold
SALE0166,CUST0166,PROJ001,001-A-101,2013-01-05,5354245,BRK002,Sold
SALE0167,CUST0167,PROJ001,001-B-125,2013-01-08,5955651,BRK014,Sold
SALE0168,CUST0168,PROJ002,002-B-116,2013-01-17,26610276,BRK001,Sold
SALE0169,CUST0169,PROJ003,003-D-129,2013-01-20,7708981,BRK011,Sold
SALE0170,CUST0170,PROJ003,003-C-118,2013-01-22,8755047,BRK010,Sold
SALE0171,CUST0171,PROJ003,003-A-125,2013-01-25,7667296,BRK014,Sold
SALE0172,CUST0172,PROJ003,003-B-126,2013-01-31,9739401,BRK001,Sold
SALE0173,CUST0173,PROJ002,002-C-107,2013-02-05,16244221,BRK007,Sold
SALE0174,CUST0174,PROJ001,001-B-137,2013-02-09,6611564,BRK007,Sold
SALE0175,CUST0175,PROJ003,003-B-101,2013-02-14,9005502,BRK005,Sold
SALE0176,CUST0176,PROJ001,001-B-119,2013-02-19,6585521,BRK015,Sold
SALE0177,CUST0177,PROJ001,001-C-126,2013-02-24,5387035,BRK012,Sold
SALE0178,CUST0178,PROJ003,003-B-122,2013-02-24,7980859,BRK002,Sold
SALE0179,CUST0179,PROJ003,003-D-120,2013-02-27,8422173,BRK005,Sold
SALE0180,CUST0180,PROJ003,003-A-104,2013-02-27,8446521,BRK003,Sold
SALE0181,CUST0181,PROJ003,003-B-134,2013-02-27,10973268,BRK012,Sold
SALE0182,CUST0182,PROJ001,001-D-129,2013-02-28,5204451,BRK006,Sold
SALE0183,CUST0183,PROJ003,003-D-117,2013-02-28,9980702,BRK011,Sold
SALE0184,CUST0184,PROJ003,003-A-145,2013-02-28,8460637,BRK013,Sold
SALE0185,CUST0185,PROJ002,002-B-117,2013-03-01,23492981,BRK001,Sold
SALE0186,CUST0186,PROJ003,003-B-115,2013-03-04,7014994,BRK013,Sold
SALE0187,CUST0187,PROJ001,001-D-117,2013-03-07,6236442,BRK004,Sold
SALE0188,CUST0188,PROJ003,003-A-101,2013-03-08,6464514,BRK002,Sold
SALE0189,CUST0189,PROJ003,003-D-143,2013-03-14,10812981,BRK008,Sold
SALE0190,CUST0190,PROJ002,002-C-102,2013-03-19,16244221,BRK008,Sold
SALE0191,CUST0191,PROJ003,003-B-132,2013-03-20,8583059,BRK011,Sold
SALE0192,CUST0192,PROJ003,003-B-130,2013-03-21,9383890,BRK002,Sold
SALE0193,CUST0193,PROJ001,001-A-128,2013-03-22,5464878,BRK001,Sold
SALE0194,CUST0194,PROJ001,001-B-107,2013-03-22,6577427,BRK014,Sold
SALE0195,CUST0195,PROJ003,003-A-141,2013-03-24,7263560,BRK006,Sold
SALE0196,CUST0196,PROJ001,001-B-121,2013-03-25,6579934,BRK010,Sold
SALE0197,CUST0197,PROJ003,003-C-144,2013-03-28,8178605,BRK013,Sold
SALE0198,CUST0198,PROJ003,003-C-150,2013-04-05,10535002,BRK007,Sold
SALE0199,CUST0199,PROJ001,001-B-106,2013-04-08,5124048,BRK006,Sold
SALE0200,CUST0200,PROJ002,002-A-124,2013-04-09,26036109,BRK002,Sold
SALE0201,CUST0201,PROJ002,002-B-129,2013-04-13,18391656,BRK004,Sold
SALE0202,CUST0202,PROJ003,003-D-135,2013-04-13,6988287,BRK009,Sold
SALE0203,CUST0203,PROJ002,002-D-120,2013-04-14,28273014,BRK012,Sold
SALE0204,CUST0204,PROJ002,002-C-128,2013-04-15,21100121,BRK008,Sold
SALE0205,CUST0205,PROJ003,003-B-142,2013-04-17,7639739,BRK006,Sold
SALE0206,CUST0206,PROJ003,003-C-111,2013-04-17,10045487,BRK001,Sold
SALE0207,CUST0207,PROJ001,001-C-104,2013-04-19,6628472,BRK013,Sold
SALE0208,CUST0208,PROJ002,002-C-103,2013-04-19,26625098,BRK007,Sold
SALE0209,CUST0209,PROJ003,003-C-127,2013-04-19,7302250,BRK004,Sold
SALE0210,CUST0210,PROJ003,003-B-140,2013-04-20,10906560,BRK013,Sold
SALE0211,CUST0211,PROJ001,001-D-125,2013-04-24,4777379,BRK008,Sold
SALE0212,CUST0212,PROJ003,003-D-109,2013-04-25,10860556,BRK011,Sold
SALE0213,CUST0213,PROJ003,003-B-104,2013-04-27,9040130,BRK004,Sold
SALE0214,CUST0214,PROJ001,001-B-126,2013-04-28,6386421,BRK003,Sold
SALE0215,CUST0215,PROJ003,003-D-104,2013-05-05,8855654,BRK008,Sold
SALE0216,CUST0216,PROJ003,003-A-112,2013-05-07,7192366,BRK013,Sold
SALE0217,CUST0217,PROJ003,003-C-147,2013-05-07,6958360,BRK012,Sold
SALE0218,CUST0218,PROJ001,001-D-106,2013-05-08,4748871,BRK003,Sold
SALE0219,CUST0219,PROJ001,001-C-127,2013-05-10,4537327,BRK014,Sold
SALE0220,CUST0220,PROJ002,002-A-111,2013-05-10,17253825,BRK003,Sold
SALE0221,CUST0221,PROJ001,001-C-129,2013-05-14,5793034,BRK015,Sold
SALE0222,CUST0222,PROJ002,002-D-103,2013-05-19,26177516,BRK004,Sold
SALE0223,CUST0223,PROJ002,002-D-125,2013-05-25,28729080,BRK004,Sold
SALE0224,CUST0224,PROJ003,003-A-143,2013-05-30,8451948,BRK010,Sold
SALE0225,CUST0225,PROJ001,001-C-102,2013-06-07,5547465,BRK003,Sold
SALE0226,CUST0226,PROJ003,003-C-104,2013-06-09,7696115,BRK006,Sold
SALE0227,CUST0227,PROJ002,002-C-122,2013-06-14,19621838,BRK012,Sold
SALE0228,CUST0228,PROJ002,002-C-109,2013-06-19,21826664,BRK010,Sold
SALE0229,CUST0229,PROJ003,003-D-124,2013-06-25,6740376,BRK015,Sold
SALE0230,CUST0230,PROJ001,001-B-133,2013-07-02,5811575,BRK002,Sold
SALE0231,CUST0231,PROJ001,001-B-113,2013-07-05,7335351,BRK014,Sold
SALE0232,CUST0232,PROJ001,001-D-121,2013-07-09,6134798,BRK012,Sold
SALE0233,CUST0233,PROJ002,002-D-122,2013-07-10,21379062,BRK006,Sold
SALE0234,CUST0234,PROJ003,003-D-125,2013-07-10,9899072,BRK002,Sold
SALE0235,CUST0235,PROJ003,003-C-102,2013-07-20,7014903,BRK003,Sold
SALE0236,CUST0236,PROJ001,001-A-109,2013-07-23,5797711,BRK009,Sold
SALE0237,CUST0237,PROJ001,001-C-117,2013-07-28,5328980,BRK009,Sold
SALE0238,CUST0238,PROJ002,002-A-128,2013-07-28,24974557,BRK003,Sold
SALE0239,CUST0239,PROJ001,001-A-116,2013-08-02,4591698,BRK004,Sold
SALE0240,CUST0240,PROJ001,001-D-113,2013-08-03,5758786,BRK007,Sold
SALE0241,CUST0241,PROJ001,001-A-115,2013-08-04,4621306,BRK005,Sold
SALE0242,CUST0242,PROJ001,001-C-123,2013-08-06,7356506,BRK006,Sold
SALE0243,CUST0243,PROJ002,002-B-126,2013-08-11,22335353,BRK004,Sold
SALE0244,CUST0244,PROJ002,002-D-107,2013-08-17,27988860,BRK013,Sold
SALE0245,CUST0245,PROJ001,001-D-104,2013-08-18,5753423,BRK004,Sold
SALE0246,CUST0246,PROJ003,003-D-107,2013-08-24,9557403,BRK007,Sold
SALE0247,CUST0247,PROJ002,002-C-120,2013-08-27,29246340,BRK013,Sold
SALE0248,CUST0248,PROJ003,003-A-140,2013-08-30,9471920,BRK008,Sold
SALE0249,CUST0249,PROJ003,003-C-143,2013-09-04,9902612,BRK002,Sold
SALE0250,CUST0250,PROJ003,003-C-140,2013-09-05,8867215,BRK007,Sold
SALE0251,CUST0251,PROJ003,003-B-108,2013-09-10,7336850,BRK003,Sold
SALE0252,CUST0252,PROJ002,002-C-130,2013-09-21,16150013,BRK003,Sold
SALE0253,CUST0253,PROJ003,003-D-111,2013-09-22,7713888,BRK014,Sold
SALE0254,CUST0254,PROJ002,002-A-104,2013-09-24,26559456,BRK015,Sold
SALE0255,CUST0255,PROJ003,003-C-109,2013-09-27,7581351,BRK007,Sold
SALE0256,CUST0256,PROJ003,003-C-149,2013-09-29,9381100,BRK012,Sold
SALE0257,CUST0257,PROJ002,002-D-104,2013-10-01,18533205,BRK013,Sold
SALE0258,CUST0258,PROJ003,003-D-110,2013-10-02,6852821,BRK008,Sold
SALE0259,CUST0259,PROJ003,003-B-109,2013-10-03,10685898,BRK012,Sold
SALE0260,CUST0260,PROJ003,003-D-145,2013-10-21,6404759,BRK015,Sold
SALE0261,CUST0261,PROJ003,003-D-147,2013-10-24,10424370,BRK002,Sold
SALE0262,CUST0262,PROJ003,003-D-106,2013-11-02,9165501,BRK014,Sold
SALE0263,CUST0263,PROJ003,003-B-112,2013-11-03,9681115,BRK010,Sold
SALE0264,CUST0264,PROJ003,003-D-102,2013-11-08,6032255,BRK013,Sold
SALE0265,CUST0265,PROJ003,003-B-119,2013-11-08,7922763,BRK010,Sold
SALE0266,CUST0266,PROJ003,003-D-148,2013-11-14,6380239,BRK008,Sold
SALE0267,CUST0267,PROJ003,003-A-135,2013-11-18,8183342,BRK005,Sold
SALE0268,CUST0268,PROJ002,002-D-112,2013-11-21,25883876,BRK004,Sold
SALE0269,CUST0269,PROJ003,003-B-113,2013-11-23,7515880,BRK003,Sold
SALE0270,CUST0270,PROJ002,002-A-123,2013-11-25,17180347,BRK004,Sold
SALE0271,CUST0271,PROJ003,003-C-137,2013-11-26,9372290,BRK008,Sold
SALE0272,CUST0272,PROJ003,003-B-129,2013-12-05,9442678,BRK014,Sold
SALE0273,CUST0273,PROJ002,002-A-130,2013-12-10,19443529,BRK001,Sold
SALE0274,CUST0274,PROJ003,003-A-131,2013-12-11,9302797,BRK007,Sold
SALE0275,CUST0275,PROJ003,003-B-136,2013-12-14,10142264,BRK012,Sold
SALE0276,CUST0276,PROJ002,002-D-121,2013-12-19,28124614,BRK015,Sold
SALE0277,CUST0277,PROJ003,003-D-126,2013-12-19,10871752,BRK002,Sold
SALE0278,CUST0278,PROJ002,002-B-106,2013-12-20,17643869,BRK013,Sold
SALE0279,CUST0279,PROJ002,002-B-123,2013-12-26,18562774,BRK013,Sold
SALE0280,CUST0280,PROJ002,002-C-105,2013-12-29,27289796,BRK007,Sold
SALE0281,CUST0281,PROJ002,002-A-127,2013-12-31,18737607,BRK001,Sold
SALE0282,CUST0282,PROJ003,003-A-106,2014-01-05,7092675,BRK012,Sold
SALE0283,CUST0283,PROJ002,002-B-104,2014-01-08,24558063,BRK008,Sold
SALE0284,CUST0284,PROJ002,002-D-127,2014-01-10,19270123,BRK008,Sold
SALE0285,CUST0285,PROJ003,003-A-138,2014-01-12,7919982,BRK002,Sold
SALE0286,CUST0286,PROJ003,003-C-134,2014-01-14,7690231,BRK006,Sold
SALE0287,CUST0287,PROJ003,003-C-119,2014-01-18,10810482,BRK014,Sold
SALE0288,CUST0288,PROJ003,003-C-113,2014-01-19,8219833,BRK011,Sold
SALE0289,CUST0289,PROJ002,002-C-106,2014-01-25,17799964,BRK011,Sold
SALE0290,CUST0290,PROJ003,003-D-139,2014-01-30,8648450,BRK012,Sold
SALE0291,CUST0291,PROJ003,003-B-103,2014-02-01,6081258,BRK012,Sold
SALE0292,CUST0292,PROJ003,003-A-110,2014-02-01,7680519,BRK003,Sold
SALE0293,CUST0293,PROJ003,003-D-130,2014-02-01,7473385,BRK006,Sold
SALE0294,CUST0294,PROJ003,003-D-150,2014-02-13,6919103,BRK010,Sold
SALE0295,CUST0295,PROJ003,003-A-149,2014-02-14,10737667,BRK008,Sold
SALE0296,CUST0296,PROJ003,003-C-105,2014-02-17,6194544,BRK007,Sold
SALE0297,CUST0297,PROJ003,003-C-128,2014-02-18,10805602,BRK003,Sold
SALE0298,CUST0298,PROJ003,003-B-146,2014-03-03,10595082,BRK007,Sold
SALE0299,CUST0299,PROJ003,003-A-103,2014-03-07,6960137,BRK004,Sold
SALE0300,CUST0300,PROJ003,003-B-147,2014-03-09,9567466,BRK006,Sold
SALE0301,CUST0301,PROJ002,002-C-129,2014-03-11,28397678,BRK014,Sold
SALE0302,CUST0302,PROJ002,002-D-108,2014-03-13,21725962,BRK004,Sold
SALE0303,CUST0303,PROJ002,002-A-110,2014-03-17,23662934,BRK006,Sold
SALE0304,CUST0304,PROJ003,003-C-131,2014-03-22,10924583,BRK006,Sold
SALE0305,CUST0305,PROJ003,003-A-139,2014-03-23,9897930,BRK008,Sold
SALE0306,CUST0306,PROJ004,004-C-106,2014-04-01,23630120,BRK003,Sold
SALE0307,CUST0307,PROJ003,003-B-128,2014-04-05,10542536,BRK013,Sold
SALE0308,CUST0308,PROJ004,004-A-113,2014-04-06,12996008,BRK013,Sold
SALE0309,CUST0309,PROJ004,004-B-103,2014-04-06,19221487,BRK004,Sold
SALE0310,CUST0310,PROJ004,004-B-120,2014-04-09,13957588,BRK010,Sold
SALE0311,CUST0311,PROJ002,002-B-101,2014-04-12,22899263,BRK008,Sold
SALE0312,CUST0312,PROJ004,004-D-117,2014-04-16,13547469,BRK013,Sold
SALE0313,CUST0313,PROJ004,004-A-128,2014-04-16,16311406,BRK011,Sold
SALE0314,CUST0314,PROJ002,002-C-115,2014-04-20,25959108,BRK008,Sold
SALE0315,CUST0315,PROJ003,003-A-146,2014-04-21,6042133,BRK013,Sold
SALE0316,CUST0316,PROJ004,004-D-110,2014-04-24,23875657,BRK008,Sold
SALE0317,CUST0317,PROJ003,003-B-111,2014-04-27,9602052,BRK001,Sold
SALE0318,CUST0318,PROJ004,004-A-142,2014-04-28,14834738,BRK005,Sold
SALE0319,CUST0319,PROJ004,004-A-103,2014-05-02,16317202,BRK003,Sold
SALE0320,CUST0320,PROJ003,003-C-133,2014-05-03,7654373,BRK001,Sold
SALE0321,CUST0321,PROJ004,004-A-136,2014-05-05,20796869,BRK015,Sold
SALE0322,CUST0322,PROJ002,002-D-114,2014-05-06,28121983,BRK015,Sold
SALE0323,CUST0323,PROJ002,002-A-126,2014-05-09,19863461,BRK008,Sold
SALE0324,CUST0324,PROJ002,002-D-102,2014-05-10,23469175,BRK014,Sold
SALE0325,CUST0325,PROJ003,003-D-113,2014-05-10,10595805,BRK014,Sold
SALE0326,CUST0326,PROJ002,002-C-118,2014-05-13,15246300,BRK010,Sold
SALE0327,CUST0327,PROJ004,004-D-109,2014-05-14,18555420,BRK012,Sold
SALE0328,CUST0328,PROJ003,003-D-122,2014-05-16,6821326,BRK005,Sold
SALE0329,CUST0329,PROJ003,003-C-125,2014-05-17,6903992,BRK010,Sold
SALE0330,CUST0330,PROJ003,003-B-116,2014-05-18,6956895,BRK014,Sold
SALE0331,CUST0331,PROJ002,002-A-109,2014-05-21,27222224,BRK010,Sold
SALE0332,CUST0332,PROJ003,003-A-121,2014-05-26,10427612,BRK001,Sold
SALE0333,CUST0333,PROJ004,004-A-140,2014-05-27,16787664,BRK013,Sold
SALE0334,CUST0334,PROJ002,002-D-110,2014-05-28,20360271,BRK001,Sold
SALE0335,CUST0335,PROJ002,002-A-103,2014-05-30,20375397,BRK002,Sold
SALE0336,CUST0336,PROJ002,002-C-110,2014-06-01,25232261,BRK011,Sold
SALE0337,CUST0337,PROJ003,003-A-133,2014-06-01,7592962,BRK008,Sold
SALE0338,CUST0338,PROJ004,004-C-125,2014-06-01,20317758,BRK007,Sold
SALE0339,CUST0339,PROJ003,003-B-139,2014-06-04,7614442,BRK002,Sold
SALE0340,CUST0340,PROJ003,003-D-118,2014-06-05,6497369,BRK004,Sold
SALE0341,CUST0341,PROJ002,002-D-123,2014-06-07,17792522,BRK010,Sold
SALE0342,CUST0342,PROJ004,004-C-107,2014-06-10,17976658,BRK003,Sold
SALE0343,CUST0343,PROJ004,004-A-135,2014-06-12,17779593,BRK015,Sold
SALE0344,CUST0344,PROJ004,004-C-113,2014-06-14,19059633,BRK002,Sold
SALE0345,CUST0345,PROJ002,002-B-115,2014-06-18,22708288,BRK012,Sold
SALE0346,CUST0346,PROJ004,004-A-145,2014-06-19,24636225,BRK013,Sold
SALE0347,CUST0347,PROJ002,002-A-113,2014-06-21,21879081,BRK009,Sold
SALE0348,CUST0348,PROJ002,002-D-105,2014-06-28,26377959,BRK002,Sold
SALE0349,CUST0349,PROJ003,003-A-150,2014-07-03,7404298,BRK011,Sold
SALE0350,CUST0350,PROJ003,003-B-106,2014-07-07,7229965,BRK013,Sold
SALE0351,CUST0351,PROJ004,004-A-110,2014-07-07,17601931,BRK002,Sold
SALE0352,CUST0352,PROJ003,003-C-130,2014-07-08,8030799,BRK011,Sold
SALE0353,CUST0353,PROJ004,004-D-126,2014-07-10,19898774,BRK001,Sold
SALE0354,CUST0354,PROJ002,002-D-113,2014-07-13,18367897,BRK015,Sold
SALE0355,CUST0355,PROJ003,003-B-120,2014-07-15,7257480,BRK006,Sold
SALE0356,CUST0356,PROJ003,003-D-105,2014-07-16,8071655,BRK006,Sold
SALE0357,CUST0357,PROJ004,004-A-125,2014-07-16,15982197,BRK009,Sold
SALE0358,CUST0358,PROJ004,004-C-108,2014-07-17,14782835,BRK011,Sold
SALE0359,CUST0359,PROJ002,002-C-117,2014-07-18,26370930,BRK001,Sold
SALE0360,CUST0360,PROJ003,003-B-145,2014-07-19,9731677,BRK014,Sold
SALE0361,CUST0361,PROJ004,004-D-131,2014-07-19,19757127,BRK015,Sold
SALE0362,CUST0362,PROJ003,003-B-131,2014-07-20,8452745,BRK007,Sold
SALE0363,CUST0363,PROJ004,004-D-115,2014-07-22,22110001,BRK001,Sold
SALE0364,CUST0364,PROJ004,004-A-115,2014-07-28,24823814,BRK005,Sold
SALE0365,CUST0365,PROJ004,004-C-140,2014-07-30,13619187,BRK002,Sold
SALE0366,CUST0366,PROJ004,004-B-135,2014-08-01,16216221,BRK007,Sold
SALE0367,CUST0367,PROJ004,004-B-143,2014-08-02,22328030,BRK011,Sold
SALE0368,CUST0368,PROJ003,003-B-117,2014-08-09,8229612,BRK006,Sold
SALE0369,CUST0369,PROJ002,002-B-121,2014-08-10,25757614,BRK001,Sold
SALE0370,CUST0370,PROJ003,003-D-144,2014-08-12,7052194,BRK013,Sold
SALE0371,CUST0371,PROJ004,004-B-121,2014-08-13,17416215,BRK013,Sold
SALE0372,CUST0372,PROJ004,004-B-129,2014-08-14,17490488,BRK002,Sold
SALE0373,CUST0373,PROJ003,003-C-108,2014-08-27,8378683,BRK007,Sold
SALE0374,CUST0374,PROJ003,003-A-108,2014-08-28,10357557,BRK010,Sold
SALE0375,CUST0375,PROJ003,003-B-133,2014-08-31,8506012,BRK009,Sold
SALE0376,CUST0376,PROJ004,004-B-125,2014-09-02,16260504,BRK012,Sold
SALE0377,CUST0377,PROJ004,004-C-118,2014-09-03,24706774,BRK013,Sold
SALE0378,CUST0378,PROJ004,004-C-136,2014-09-05,22625069,BRK009,Sold
SALE0379,CUST0379,PROJ002,002-A-116,2014-09-07,17741910,BRK002,Sold
SALE0380,CUST0380,PROJ003,003-A-102,2014-09-17,10424042,BRK012,Sold
SALE0381,CUST0381,PROJ002,002-C-127,2014-09-18,17303773,BRK003,Sold
SALE0382,CUST0382,PROJ004,004-D-120,2014-09-18,18394592,BRK006,Sold
SALE0383,CUST0383,PROJ004,004-B-115,2014-09-18,22311802,BRK007,Sold
SALE0384,CUST0384,PROJ004,004-B-113,2014-09-21,18809754,BRK004,Sold
SALE0385,CUST0385,PROJ002,002-D-128,2014-09-28,28735537,BRK015,Sold
SALE0386,CUST0386,PROJ004,004-D-145,2014-09-30,17209191,BRK015,Sold
SALE0387,CUST0387,PROJ003,003-A-119,2014-10-02,9731650,BRK006,Sold
SALE0388,CUST0388,PROJ004,004-C-104,2014-10-03,15807063,BRK002,Sold
SALE0389,CUST0389,PROJ003,003-A-129,2014-10-11,6842748,BRK014,Sold
SALE0390,CUST0390,PROJ002,002-D-129,2014-10-13,25365496,BRK004,Sold
SALE0391,CUST0391,PROJ004,004-B-102,2014-10-15,24790275,BRK010,Sold
SALE0392,CUST0392,PROJ004,004-A-120,2014-10-30,19099856,BRK002,Sold
SALE0393,CUST0393,PROJ004,004-D-107,2014-11-01,12422707,BRK010,Sold
SALE0394,CUST0394,PROJ003,003-D-116,2014-11-04,7158061,BRK007,Sold
SALE0395,CUST0395,PROJ004,004-B-101,2014-11-09,22648058,BRK008,Sold
SALE0396,CUST0396,PROJ004,004-C-138,2014-11-09,23478386,BRK011,Sold
SALE0397,CUST0397,PROJ003,003-A-111,2014-11-10,9431005,BRK008,Sold
SALE0398,CUST0398,PROJ002,002-C-121,2014-11-11,25715842,BRK002,Sold
SALE0399,CUST0399,PROJ003,003-B-127,2014-11-18,10667300,BRK012,Sold
SALE0400,CUST0400,PROJ003,003-B-107,2014-11-23,8927803,BRK012,Sold
SALE0401,CUST0401,PROJ003,003-C-132,2014-11-26,6034571,BRK014,Sold
SALE0402,CUST0402,PROJ004,004-B-127,2014-11-28,17214858,BRK010,Sold
SALE0403,CUST0403,PROJ003,003-A-147,2014-12-01,9972997,BRK006,Sold
SALE0404,CUST0404,PROJ004,004-A-105,2014-12-03,20887648,BRK006,Sold
SALE0405,CUST0405,PROJ004,004-A-127,2014-12-04,13240977,BRK011,Sold
SALE0406,CUST0406,PROJ003,003-D-128,2014-12-08,9417251,BRK011,Sold
SALE0407,CUST0407,PROJ003,003-B-150,2014-12-12,10523322,BRK004,Sold
SALE0408,CUST0408,PROJ003,003-D-127,2014-12-13,8012354,BRK008,Sold
SALE0409,CUST0409,PROJ004,004-B-104,2014-12-14,15286961,BRK010,Sold
SALE0410,CUST0410,PROJ003,003-D-140,2014-12-15,9980743,BRK009,Sold
SALE0411,CUST0411,PROJ003,003-D-108,2014-12-16,6265768,BRK007,Sold
SALE0412,CUST0412,PROJ003,003-D-149,2014-12-20,6446432,BRK015,Sold
SALE0413,CUST0413,PROJ004,004-B-107,2014-12-23,20560266,BRK006,Sold
SALE0414,CUST0414,PROJ004,004-B-112,2014-12-24,13440114,BRK002,Sold
SALE0415,CUST0415,PROJ003,003-C-124,2014-12-26,10562221,BRK009,Sold
SALE0416,CUST0416,PROJ003,003-C-115,2014-12-26,6295291,BRK007,Sold
SALE0417,CUST0417,PROJ003,003-D-137,2014-12-27,6431623,BRK008,Sold
SALE0418,CUST0418,PROJ003,003-C-103,2014-12-27,7131421,BRK009,Sold
SALE0419,CUST0419,PROJ003,003-A-120,2014-12-28,10416822,BRK012,Sold
SALE0420,CUST0420,PROJ004,004-A-102,2014-12-31,24780585,BRK007,Sold
SALE0421,CUST0421,PROJ003,003-C-117,2015-01-06,7362698,BRK007,Sold
SALE0422,CUST0422,PROJ003,003-A-114,2015-01-07,8169720,BRK012,Sold
SALE0423,CUST0423,PROJ003,003-C-116,2015-01-07,7192391,BRK014,Sold
SALE0424,CUST0424,PROJ003,003-D-103,2015-01-11,6603318,BRK015,Sold
SALE0425,CUST0425,PROJ004,004-B-130,2015-01-13,24243254,BRK013,Sold
SALE0426,CUST0426,PROJ004,004-B-139,2015-01-14,20473387,BRK003,Sold
SALE0427,CUST0427,PROJ004,004-D-106,2015-01-19,16189308,BRK005,Sold
SALE0428,CUST0428,PROJ004,004-B-137,2015-01-24,21978613,BRK003,Sold
SALE0429,CUST0429,PROJ003,003-B-125,2015-02-05,6277815,BRK015,Sold
SALE0430,CUST0430,PROJ003,003-C-106,2015-02-09,9867193,BRK008,Sold
SALE0431,CUST0431,PROJ003,003-B-114,2015-02-10,9831924,BRK010,Sold
SALE0432,CUST0432,PROJ004,004-B-138,2015-02-11,12415632,BRK007,Sold
SALE0433,CUST0433,PROJ003,003-A-109,2015-02-16,10273247,BRK010,Sold
SALE0434,CUST0434,PROJ004,004-C-129,2015-02-16,19754904,BRK012,Sold
SALE0435,CUST0435,PROJ003,003-D-131,2015-02-17,10154418,BRK004,Sold
SALE0436,CUST0436,PROJ003,003-D-112,2015-02-17,9580839,BRK011,Sold
SALE0437,CUST0437,PROJ003,003-D-146,2015-02-17,8791722,BRK014,Sold
SALE0438,CUST0438,PROJ003,003-A-132,2015-02-20,9488584,BRK003,Sold
SALE0439,CUST0439,PROJ003,003-A-142,2015-02-24,6635340,BRK013,Sold
SALE0440,CUST0440,PROJ003,003-C-120,2015-03-01,8247580,BRK012,Sold
SALE0441,CUST0441,PROJ004,004-D-144,2015-03-02,14907338,BRK010,Sold
SALE0442,CUST0442,PROJ004,004-D-112,2015-03-11,20862640,BRK007,Sold
SALE0443,CUST0443,PROJ004,004-A-134,2015-03-12,22786794,BRK014,Sold
SALE0444,CUST0444,PROJ003,003-C-121,2015-03-15,7276923,BRK006,Sold
SALE0445,CUST0445,PROJ004,004-A-119,2015-03-16,12366505,BRK006,Sold
SALE0446,CUST0446,PROJ004,004-D-139,2015-03-25,12996473,BRK005,Sold
SALE0447,CUST0447,PROJ003,003-A-116,2015-03-28,9496135,BRK002,Sold
SALE0448,CUST0448,PROJ004,004-C-131,2015-04-08,21711752,BRK012,Sold
SALE0449,CUST0449,PROJ003,003-D-101,2015-04-13,9273704,BRK014,Sold
SALE0450,CUST0450,PROJ004,004-D-114,2015-04-15,14205996,BRK015,Sold
SALE0451,CUST0451,PROJ003,003-B-124,2015-04-20,6287742,BRK010,Sold
SALE0452,CUST0452,PROJ003,003-B-110,2015-04-21,8868320,BRK006,Sold
SALE0453,CUST0453,PROJ003,003-B-137,2015-04-23,10214065,BRK004,Sold
SALE0454,CUST0454,PROJ003,003-A-123,2015-04-26,10065914,BRK004,Sold
SALE0455,CUST0455,PROJ003,003-C-138,2015-05-01,7433018,BRK013,Sold
SALE0456,CUST0456,PROJ004,004-A-126,2015-05-06,13755971,BRK013,Sold
SALE0457,CUST0457,PROJ003,003-A-148,2015-05-09,7793298,BRK015,Sold
SALE0458,CUST0458,PROJ003,003-C-101,2015-05-10,8387456,BRK013,Sold
SALE0459,CUST0459,PROJ004,004-C-144,2015-05-20,22503907,BRK013,Sold
SALE0460,CUST0460,PROJ003,003-A-128,2015-05-23,10342416,BRK010,Sold
SALE0461,CUST0461,PROJ003,003-D-134,2015-05-24,7066926,BRK014,Sold
SALE0462,CUST0462,PROJ004,004-C-127,2015-05-28,21580653,BRK005,Sold
SALE0463,CUST0463,PROJ004,004-C-112,2015-06-08,23578393,BRK004,Sold
SALE0464,CUST0464,PROJ004,004-D-119,2015-06-14,13676474,BRK012,Sold
SALE0465,CUST0465,PROJ003,003-D-115,2015-06-15,9428702,BRK013,Sold
SALE0466,CUST0466,PROJ004,004-A-121,2015-06-15,22277189,BRK003,Sold
SALE0467,CUST0467,PROJ003,003-A-113,2015-06-19,8379886,BRK002,Sold
SALE0468,CUST0468,PROJ004,004-C-128,2015-06-28,13752815,BRK001,Sold
SALE0469,CUST0469,PROJ004,004-B-106,2015-07-03,18144739,BRK014,Sold
SALE0470,CUST0470,PROJ003,003-B-141,2015-07-07,9523367,BRK013,Sold
SALE0471,CUST0471,PROJ004,004-A-131,2015-07-08,24989473,BRK008,Sold
SALE0472,CUST0472,PROJ004,004-A-112,2015-07-10,18817602,BRK012,Sold
SALE0473,CUST0473,PROJ004,004-C-122,2015-07-12,13651692,BRK011,Sold
SALE0474,CUST0474,PROJ004,004-B-132,2015-07-12,19306432,BRK007,Sold
SALE0475,CUST0475,PROJ004,004-B-118,2015-07-21,24943883,BRK002,Sold
SALE0476,CUST0476,PROJ004,004-B-128,2015-07-27,18885231,BRK001,Sold
SALE0477,CUST0477,PROJ003,003-B-148,2015-08-13,10937201,BRK007,Sold
SALE0478,CUST0478,PROJ003,003-B-143,2015-08-17,7928906,BRK006,Sold
SALE0479,CUST0479,PROJ004,004-D-111,2015-08-22,22980618,BRK010,Sold
SALE0480,CUST0480,PROJ003,003-C-107,2015-08-24,7056214,BRK014,Sold
SALE0481,CUST0481,PROJ004,004-C-110,2015-08-24,19558364,BRK007,Sold
SALE0482,CUST0482,PROJ004,004-C-119,2015-08-25,19495659,BRK006,Sold
SALE0483,CUST0483,PROJ003,003-D-114,2015-08-27,7390450,BRK005,Sold
SALE0484,CUST0484,PROJ003,003-D-136,2015-08-29,10263952,BRK010,Sold
SALE0485,CUST0485,PROJ003,003-C-139,2015-09-02,9003476,BRK005,Sold
SALE0486,CUST0486,PROJ003,003-C-110,2015-09-03,9626406,BRK005,Sold
SALE0487,CUST0487,PROJ004,004-D-137,2015-09-08,17302327,BRK014,Sold
SALE0488,CUST0488,PROJ004,004-D-102,2015-09-09,23616787,BRK010,Sold
SALE0489,CUST0489,PROJ003,003-B-121,2015-09-11,10899286,BRK002,Sold
SALE0490,CUST0490,PROJ004,004-C-142,2015-09-11,15599462,BRK015,Sold
SALE0491,CUST0491,PROJ003,003-D-132,2015-09-13,9962519,BRK009,Sold
SALE0492,CUST0492,PROJ004,004-C-133,2015-09-13,19967882,BRK003,Sold
SALE0493,CUST0493,PROJ004,004-C-130,2015-10-17,20905750,BRK012,Sold
SALE0494,CUST0494,PROJ004,004-D-108,2015-10-19,23574522,BRK003,Sold
SALE0495,CUST0495,PROJ003,003-B-123,2015-10-26,8969294,BRK012,Sold
SALE0496,CUST0496,PROJ004,004-A-109,2015-10-26,15234516,BRK001,Sold
SALE0497,CUST0497,PROJ004,004-B-109,2015-10-28,12729235,BRK011,Sold
SALE0498,CUST0498,PROJ004,004-A-137,2015-11-07,14373436,BRK004,Sold
SALE0499,CUST0499,PROJ003,003-A-126,2015-11-14,8884632,BRK001,Sold
SALE0500,CUST0500,PROJ003,003-B-135,2015-11-16,9604361,BRK010,Sold
SALE0501,CUST0501,PROJ003,003-D-138,2015-11-24,9362152,BRK008,Sold
SALE0502,CUST0502,PROJ004,004-A-130,2015-11-26,14887875,BRK001,Sold
SALE0503,CUST0503,PROJ004,004-D-133,2015-12-03,17978015,BRK002,Sold
SALE0504,CUST0504,PROJ004,004-D-125,2015-12-05,23624589,BRK003,Sold
SALE0505,CUST0505,PROJ004,004-C-116,2015-12-09,15167590,BRK007,Sold
SALE0506,CUST0506,PROJ005,005-D-112,2015-12-13,9914861,BRK014,Sold
SALE0507,CUST0507,PROJ004,004-D-143,2015-12-15,21749026,BRK005,Sold
SALE0508,CUST0508,PROJ005,005-A-124,2015-12-16,10355696,BRK011,Sold
SALE0509,CUST0509,PROJ004,004-A-114,2015-12-20,19287673,BRK003,Sold
SALE0510,CUST0510,PROJ003,003-B-149,2015-12-21,7908596,BRK004,Sold
SALE0511,CUST0511,PROJ003,003-A-107,2015-12-24,6213130,BRK003,Sold
SALE0512,CUST0512,PROJ005,005-A-101,2015-12-27,9755231,BRK001,Sold
SALE0513,CUST0513,PROJ004,004-C-103,2015-12-28,24133784,BRK002,Sold
SALE0514,CUST0514,PROJ004,004-D-122,2016-01-05,13797416,BRK008,Sold
SALE0515,CUST0515,PROJ005,005-C-128,2016-01-09,12867039,BRK013,Sold
SALE0516,CUST0516,PROJ005,005-D-106,2016-01-12,13831308,BRK014,Sold
SALE0517,CUST0517,PROJ004,004-D-130,2016-01-14,22073493,BRK008,Sold
SALE0518,CUST0518,PROJ005,005-A-128,2016-01-14,13346010,BRK004,Sold
SALE0519,CUST0519,PROJ005,005-A-120,2016-01-20,8652168,BRK002,Sold
SALE0520,CUST0520,PROJ005,005-B-136,2016-01-22,11432164,BRK006,Sold
SALE0521,CUST0521,PROJ003,003-A-117,2016-01-24,7747966,BRK005,Sold
SALE0522,CUST0522,PROJ004,004-A-106,2016-01-25,21587907,BRK014,Sold
SALE0523,CUST0523,PROJ005,005-A-107,2016-01-26,8044515,BRK014,Sold
SALE0524,CUST0524,PROJ003,003-D-142,2016-02-01,7043711,BRK009,Sold
SALE0525,CUST0525,PROJ003,003-A-127,2016-02-03,8921879,BRK007,Sold
SALE0526,CUST0526,PROJ003,003-A-118,2016-02-10,6501614,BRK006,Sold
SALE0527,CUST0527,PROJ005,005-D-119,2016-02-10,9203760,BRK002,Sold
SALE0528,CUST0528,PROJ005,005-B-132,2016-02-16,10580346,BRK006,Sold
SALE0529,CUST0529,PROJ003,003-C-148,2016-02-21,9110856,BRK005,Sold
SALE0530,CUST0530,PROJ003,003-C-145,2016-02-22,7807786,BRK002,Sold
SALE0531,CUST0531,PROJ005,005-D-101,2016-02-22,10320074,BRK009,Sold
SALE0532,CUST0532,PROJ003,003-B-102,2016-02-23,9643729,BRK012,Sold
SALE0533,CUST0533,PROJ003,003-A-122,2016-02-23,6442626,BRK001,Sold
SALE0534,CUST0534,PROJ004,004-C-109,2016-02-23,18297019,BRK003,Sold
SALE0535,CUST0535,PROJ005,005-C-139,2016-02-24,12633273,BRK004,Sold
SALE0536,CUST0536,PROJ005,005-C-132,2016-02-27,10693485,BRK006,Sold
SALE0537,CUST0537,PROJ004,004-A-133,2016-03-05,22923749,BRK001,Sold
SALE0538,CUST0538,PROJ004,004-A-116,2016-03-08,17735643,BRK001,Sold
SALE0539,CUST0539,PROJ005,005-A-114,2016-03-19,8614298,BRK008,Sold
SALE0540,CUST0540,PROJ005,005-D-114,2016-03-21,13246991,BRK015,Sold
SALE0541,CUST0541,PROJ004,004-B-122,2016-03-23,22925894,BRK015,Sold
SALE0542,CUST0542,PROJ004,004-D-104,2016-04-01,22136884,BRK004,Sold
SALE0543,CUST0543,PROJ004,004-D-103,2016-04-08,16371694,BRK001,Sold
SALE0544,CUST0544,PROJ005,005-B-139,2016-04-17,14076046,BRK009,Sold
SALE0545,CUST0545,PROJ004,004-D-123,2016-04-23,20419975,BRK012,Sold
SALE0546,CUST0546,PROJ004,004-C-115,2016-05-05,23107440,BRK012,Sold
SALE0547,CUST0547,PROJ004,004-B-114,2016-05-08,22648100,BRK009,Sold
SALE0548,CUST0548,PROJ004,004-A-108,2016-05-09,17897486,BRK014,Sold
SALE0549,CUST0549,PROJ004,004-A-122,2016-05-13,21830605,BRK008,Sold
SALE0550,CUST0550,PROJ004,004-B-134,2016-05-15,16626709,BRK014,Sold
SALE0551,CUST0551,PROJ004,004-A-101,2016-05-15,16723407,BRK001,Sold
SALE0552,CUST0552,PROJ005,005-B-116,2016-05-27,10372242,BRK014,Sold
SALE0553,CUST0553,PROJ005,005-D-108,2016-05-28,10086289,BRK006,Sold
SALE0554,CUST0554,PROJ005,005-D-110,2016-05-28,12919286,BRK002,Sold
SALE0555,CUST0555,PROJ005,005-A-122,2016-06-10,10654764,BRK001,Sold
SALE0556,CUST0556,PROJ004,004-B-119,2016-06-11,23879796,BRK012,Sold
SALE0557,CUST0557,PROJ004,004-B-145,2016-06-16,16069475,BRK015,Sold
SALE0558,CUST0558,PROJ005,005-B-125,2016-06-18,11302249,BRK008,Sold
SALE0559,CUST0559,PROJ004,004-D-101,2016-06-19,21803234,BRK001,Sold
SALE0560,CUST0560,PROJ004,004-A-141,2016-06-24,12459820,BRK008,Sold
SALE0561,CUST0561,PROJ005,005-A-129,2016-07-02,12206600,BRK015,Sold
SALE0562,CUST0562,PROJ004,004-B-117,2016-07-07,14126801,BRK009,Sold
SALE0563,CUST0563,PROJ004,004-A-138,2016-07-10,22873658,BRK006,Sold
SALE0564,CUST0564,PROJ004,004-B-142,2016-07-11,23520951,BRK010,Sold
SALE0565,CUST0565,PROJ005,005-B-134,2016-07-15,12172090,BRK004,Sold
SALE0566,CUST0566,PROJ005,005-B-123,2016-07-22,8142506,BRK012,Sold
SALE0567,CUST0567,PROJ005,005-D-115,2016-07-22,10788479,BRK002,Sold
SALE0568,CUST0568,PROJ005,005-D-121,2016-07-31,12974218,BRK002,Sold
SALE0569,CUST0569,PROJ004,004-B-108,2016-08-08,22896025,BRK010,Sold
SALE0570,CUST0570,PROJ004,004-D-121,2016-08-12,24109063,BRK015,Sold
SALE0571,CUST0571,PROJ004,004-B-110,2016-08-17,22673757,BRK006,Sold
SALE0572,CUST0572,PROJ005,005-A-102,2016-08-24,11239012,BRK001,Sold
SALE0573,CUST0573,PROJ005,005-B-126,2016-08-28,11672512,BRK008,Sold
SALE0574,CUST0574,PROJ005,005-B-127,2016-09-03,10505887,BRK015,Sold
SALE0575,CUST0575,PROJ004,004-A-104,2016-09-04,16049807,BRK009,Sold
SALE0576,CUST0576,PROJ005,005-C-114,2016-09-14,10557094,BRK006,Sold
SALE0577,CUST0577,PROJ005,005-B-140,2016-09-17,9008378,BRK009,Sold
SALE0578,CUST0578,PROJ004,004-C-143,2016-10-08,20871969,BRK014,Sold
SALE0579,CUST0579,PROJ005,005-D-104,2016-10-09,11775776,BRK002,Sold
SALE0580,CUST0580,PROJ005,005-C-131,2016-10-11,9625467,BRK003,Sold
SALE0581,CUST0581,PROJ004,004-D-124,2016-10-13,23880569,BRK015,Sold
SALE0582,CUST0582,PROJ004,004-C-141,2016-10-14,21469314,BRK001,Sold
SALE0583,CUST0583,PROJ004,004-D-129,2016-10-15,20980434,BRK013,Sold
SALE0584,CUST0584,PROJ004,004-C-121,2016-10-15,15785655,BRK002,Sold
SALE0585,CUST0585,PROJ005,005-B-104,2016-10-25,9303957,BRK006,Sold
SALE0586,CUST0586,PROJ004,004-C-134,2016-10-28,24511711,BRK001,Sold
SALE0587,CUST0587,PROJ004,004-D-134,2016-10-28,21723010,BRK005,Sold
SALE0588,CUST0588,PROJ005,005-C-108,2016-10-29,12137763,BRK003,Sold
SALE0589,CUST0589,PROJ005,005-A-104,2016-11-01,9958180,BRK002,Sold
SALE0590,CUST0590,PROJ005,005-D-138,2016-11-02,13846985,BRK004,Sold
SALE0591,CUST0591,PROJ005,005-C-135,2016-11-03,13929716,BRK011,Sold
SALE0592,CUST0592,PROJ004,004-D-136,2016-11-14,18014076,BRK005,Sold
SALE0593,CUST0593,PROJ004,004-B-144,2016-11-15,17789281,BRK013,Sold
SALE0594,CUST0594,PROJ005,005-B-108,2016-11-18,8947331,BRK015,Sold
SALE0595,CUST0595,PROJ004,004-B-124,2016-11-19,19280741,BRK007,Sold
SALE0596,CUST0596,PROJ005,005-D-133,2016-11-24,13696763,BRK015,Sold
SALE0597,CUST0597,PROJ004,004-B-111,2016-11-26,21617809,BRK003,Sold
SALE0598,CUST0598,PROJ005,005-A-130,2016-12-06,10832286,BRK005,Sold
SALE0599,CUST0599,PROJ005,005-D-127,2016-12-08,13923618,BRK015,Sold
SALE0600,CUST0600,PROJ005,005-A-136,2016-12-13,8988877,BRK015,Sold
SALE0601,CUST0601,PROJ004,004-C-123,2016-12-16,21870407,BRK003,Sold
SALE0602,CUST0602,PROJ005,005-B-113,2016-12-20,13313557,BRK015,Sold
SALE0603,CUST0603,PROJ005,005-C-106,2017-01-02,8410907,BRK009,Sold
SALE0604,CUST0604,PROJ005,005-A-108,2017-01-05,11156980,BRK013,Sold
SALE0605,CUST0605,PROJ004,004-C-135,2017-01-12,20480420,BRK002,Sold
SALE0606,CUST0606,PROJ004,004-C-124,2017-02-09,24296484,BRK015,Sold
SALE0607,CUST0607,PROJ004,004-B-105,2017-02-09,19018778,BRK015,Sold
SALE0608,CUST0608,PROJ004,004-B-131,2017-02-25,23989358,BRK002,Sold
SALE0609,CUST0609,PROJ005,005-D-123,2017-02-26,8507956,BRK006,Sold
SALE0610,CUST0610,PROJ004,004-B-126,2017-03-03,22620602,BRK015,Sold
SALE0611,CUST0611,PROJ005,005-B-121,2017-03-13,9566838,BRK003,Sold
SALE0612,CUST0612,PROJ004,004-A-132,2017-03-19,14038979,BRK007,Sold
SALE0613,CUST0613,PROJ004,004-B-136,2017-03-24,23819594,BRK011,Sold
SALE0614,CUST0614,PROJ004,004-B-123,2017-03-25,12703659,BRK002,Sold
SALE0615,CUST0615,PROJ005,005-B-115,2017-03-26,14955815,BRK010,Sold
SALE0616,CUST0616,PROJ004,004-C-111,2017-03-27,24970723,BRK014,Sold
SALE0617,CUST0617,PROJ004,004-D-105,2017-03-28,13695003,BRK015,Sold
SALE0618,CUST0618,PROJ005,005-C-112,2017-04-06,13812218,BRK012,Sold
SALE0619,CUST0619,PROJ004,004-D-140,2017-04-08,24136752,BRK015,Sold
SALE0620,CUST0620,PROJ005,005-D-107,2017-04-10,14487624,BRK006,Sold
SALE0621,CUST0621,PROJ005,005-D-139,2017-04-11,9801655,BRK006,Sold
SALE0622,CUST0622,PROJ004,004-A-118,2017-04-12,18589550,BRK008,Sold
SALE0623,CUST0623,PROJ005,005-A-137,2017-04-13,9712204,BRK004,Sold
SALE0624,CUST0624,PROJ005,005-D-132,2017-04-15,11700303,BRK004,Sold
SALE0625,CUST0625,PROJ004,004-B-140,2017-04-22,23703082,BRK013,Sold
SALE0626,CUST0626,PROJ005,005-B-111,2017-04-22,10496801,BRK013,Sold
SALE0627,CUST0627,PROJ005,005-D-113,2017-04-27,10968299,BRK013,Sold
SALE0628,CUST0628,PROJ004,004-C-120,2017-04-28,13020435,BRK005,Sold
SALE0629,CUST0629,PROJ004,004-C-126,2017-04-30,18381213,BRK015,Sold
SALE0630,CUST0630,PROJ005,005-D-120,2017-05-01,12528039,BRK009,Sold
SALE0631,CUST0631,PROJ004,004-D-113,2017-05-02,18796298,BRK014,Sold
SALE0632,CUST0632,PROJ004,004-C-102,2017-05-04,24295431,BRK002,Sold
SALE0633,CUST0633,PROJ004,004-C-105,2017-05-06,21658749,BRK010,Sold
SALE0634,CUST0634,PROJ004,004-D-116,2017-05-07,23832983,BRK004,Sold
SALE0635,CUST0635,PROJ006,006-A-123,2017-05-08,8987989,BRK009,Sold
SALE0636,CUST0636,PROJ006,006-D-130,2017-05-14,8169099,BRK013,Sold
SALE0637,CUST0637,PROJ005,005-B-138,2017-05-19,10183752,BRK004,Sold
SALE0638,CUST0638,PROJ004,004-D-118,2017-05-20,20671875,BRK009,Sold
SALE0639,CUST0639,PROJ006,006-C-161,2017-05-20,7291946,BRK013,Sold
SALE0640,CUST0640,PROJ005,005-A-117,2017-05-24,14162795,BRK010,Sold
SALE0641,CUST0641,PROJ005,005-A-116,2017-05-25,9397198,BRK011,Sold
SALE0642,CUST0642,PROJ006,006-B-125,2017-05-25,12721983,BRK006,Sold
SALE0643,CUST0643,PROJ006,006-D-143,2017-05-26,12275729,BRK007,Sold
SALE0644,CUST0644,PROJ004,004-A-144,2017-05-29,22741614,BRK005,Sold
SALE0645,CUST0645,PROJ006,006-A-145,2017-05-31,9361480,BRK013,Sold
SALE0646,CUST0646,PROJ004,004-B-141,2017-06-03,23207684,BRK013,Sold
SALE0647,CUST0647,PROJ006,006-C-143,2017-06-04,9796390,BRK009,Sold
SALE0648,CUST0648,PROJ004,004-D-128,2017-06-09,20989214,BRK008,Sold
SALE0649,CUST0649,PROJ004,004-C-117,2017-06-10,12498804,BRK007,Sold
SALE0650,CUST0650,PROJ004,004-A-124,2017-06-10,17546051,BRK012,Sold
SALE0651,CUST0651,PROJ006,006-A-107,2017-06-10,11972823,BRK001,Sold
SALE0652,CUST0652,PROJ005,005-B-103,2017-06-11,9138193,BRK014,Sold
SALE0653,CUST0653,PROJ004,004-D-138,2017-06-12,21959146,BRK013,Sold
SALE0654,CUST0654,PROJ006,006-D-153,2017-06-13,8365192,BRK008,Sold
SALE0655,CUST0655,PROJ006,006-A-150,2017-06-14,7280339,BRK002,Sold
SALE0656,CUST0656,PROJ006,006-A-146,2017-06-15,8401830,BRK012,Sold
SALE0657,CUST0657,PROJ006,006-C-149,2017-06-18,7931368,BRK004,Sold
SALE0658,CUST0658,PROJ005,005-D-126,2017-06-26,8743558,BRK009,Sold
SALE0659,CUST0659,PROJ006,006-C-115,2017-06-28,7715122,BRK015,Sold
SALE0660,CUST0660,PROJ005,005-B-131,2017-07-01,12806943,BRK013,Sold
SALE0661,CUST0661,PROJ006,006-C-126,2017-07-02,8081199,BRK002,Sold
SALE0662,CUST0662,PROJ006,006-B-108,2017-07-02,9335798,BRK011,Sold
SALE0663,CUST0663,PROJ004,004-A-107,2017-07-07,14846629,BRK010,Sold
SALE0664,CUST0664,PROJ006,006-C-154,2017-07-08,9069061,BRK007,Sold
SALE0665,CUST0665,PROJ006,006-B-139,2017-07-09,9555351,BRK005,Sold
SALE0666,CUST0666,PROJ006,006-C-130,2017-07-09,8405130,BRK013,Sold
SALE0667,CUST0667,PROJ006,006-B-150,2017-07-11,9227754,BRK003,Sold
SALE0668,CUST0668,PROJ006,006-A-103,2017-07-12,12620348,BRK001,Sold
SALE0669,CUST0669,PROJ006,006-B-154,2017-07-12,9618016,BRK001,Sold
SALE0670,CUST0670,PROJ006,006-A-158,2017-07-12,11715712,BRK003,Sold
SALE0671,CUST0671,PROJ006,006-A-153,2017-07-13,7370767,BRK015,Sold
SALE0672,CUST0672,PROJ006,006-A-152,2017-07-14,12465553,BRK009,Sold
SALE0673,CUST0673,PROJ004,004-A-111,2017-07-23,13795388,BRK005,Sold
SALE0674,CUST0674,PROJ005,005-A-106,2017-08-06,13242636,BRK009,Sold
SALE0675,CUST0675,PROJ006,006-A-122,2017-08-08,12119606,BRK003,Sold
SALE0676,CUST0676,PROJ005,005-B-117,2017-08-13,10500539,BRK011,Sold
SALE0677,CUST0677,PROJ006,006-B-161,2017-08-16,11469844,BRK002,Sold
SALE0678,CUST0678,PROJ005,005-B-107,2017-08-19,12285492,BRK001,Sold
SALE0679,CUST0679,PROJ005,005-C-111,2017-08-21,14934060,BRK007,Sold
SALE0680,CUST0680,PROJ005,005-C-119,2017-08-21,14105189,BRK008,Sold
SALE0681,CUST0681,PROJ006,006-A-121,2017-08-24,12948886,BRK006,Sold
SALE0682,CUST0682,PROJ005,005-C-130,2017-09-01,14267371,BRK004,Sold
SALE0683,CUST0683,PROJ005,005-A-134,2017-09-03,12632124,BRK005,Sold
SALE0684,CUST0684,PROJ005,005-A-110,2017-09-08,11505012,BRK014,Sold
SALE0685,CUST0685,PROJ005,005-A-126,2017-09-08,13959173,BRK009,Sold
SALE0686,CUST0686,PROJ006,006-A-104,2017-09-10,8211896,BRK001,Sold
SALE0687,CUST0687,PROJ006,006-A-144,2017-09-11,11304510,BRK001,Sold
SALE0688,CUST0688,PROJ005,005-A-118,2017-09-16,11384959,BRK011,Sold
SALE0689,CUST0689,PROJ005,005-B-118,2017-09-20,8288469,BRK004,Sold
SALE0690,CUST0690,PROJ006,006-A-138,2017-09-20,12608961,BRK009,Sold
SALE0691,CUST0691,PROJ006,006-D-120,2017-09-20,10319158,BRK003,Sold
SALE0692,CUST0692,PROJ006,006-C-109,2017-09-27,12200454,BRK014,Sold
SALE0693,CUST0693,PROJ005,005-A-123,2017-10-05,13000756,BRK002,Sold
SALE0694,CUST0694,PROJ006,006-D-107,2017-10-06,12335319,BRK013,Sold
SALE0695,CUST0695,PROJ005,005-C-133,2017-10-10,14445275,BRK013,Sold
SALE0696,CUST0696,PROJ005,005-A-132,2017-10-13,11447550,BRK008,Sold
SALE0697,CUST0697,PROJ006,006-A-112,2017-10-21,7203808,BRK013,Sold
SALE0698,CUST0698,PROJ006,006-D-131,2017-10-23,7469635,BRK013,Sold
SALE0699,CUST0699,PROJ006,006-C-110,2017-10-24,7695915,BRK005,Sold
SALE0700,CUST0700,PROJ005,005-D-109,2017-10-30,13450895,BRK007,Sold
SALE0701,CUST0701,PROJ005,005-A-140,2017-10-31,14171253,BRK010,Sold
SALE0702,CUST0702,PROJ005,005-D-111,2017-11-01,10028813,BRK008,Sold
SALE0703,CUST0703,PROJ006,006-B-136,2017-11-01,10806892,BRK008,Sold
SALE0704,CUST0704,PROJ006,006-C-129,2017-11-03,12745904,BRK013,Sold
SALE0705,CUST0705,PROJ006,006-D-140,2017-11-12,12615422,BRK009,Sold
SALE0706,CUST0706,PROJ006,006-B-147,2017-11-14,9215900,BRK001,Sold
SALE0707,CUST0707,PROJ005,005-A-125,2017-11-20,10908406,BRK011,Sold
SALE0708,CUST0708,PROJ005,005-A-115,2017-11-20,11958401,BRK015,Sold
SALE0709,CUST0709,PROJ006,006-D-115,2017-11-21,8517469,BRK013,Sold
SALE0710,CUST0710,PROJ005,005-C-115,2017-11-23,8157655,BRK001,Sold
SALE0711,CUST0711,PROJ006,006-D-103,2017-11-23,7345876,BRK008,Sold
SALE0712,CUST0712,PROJ005,005-A-133,2017-11-27,10869420,BRK014,Sold
SALE0713,CUST0713,PROJ005,005-B-105,2017-12-08,13192098,BRK003,Sold
SALE0714,CUST0714,PROJ006,006-B-158,2017-12-09,11312486,BRK003,Sold
SALE0715,CUST0715,PROJ005,005-B-122,2017-12-12,12339877,BRK005,Sold
SALE0716,CUST0716,PROJ006,006-D-124,2017-12-18,10596266,BRK003,Sold
SALE0717,CUST0717,PROJ005,005-D-134,2017-12-22,13612014,BRK007,Sold
SALE0718,CUST0718,PROJ006,006-A-116,2017-12-25,12151423,BRK011,Sold
SALE0719,CUST0719,PROJ005,005-D-116,2017-12-26,10768035,BRK001,Sold
SALE0720,CUST0720,PROJ005,005-C-123,2017-12-27,10657198,BRK001,Sold
SALE0721,CUST0721,PROJ006,006-D-136,2017-12-27,10585827,BRK012,Sold
SALE0722,CUST0722,PROJ006,006-D-111,2017-12-28,12693734,BRK009,Sold
SALE0723,CUST0723,PROJ006,006-C-135,2018-01-04,11785078,BRK015,Sold
SALE0724,CUST0724,PROJ006,006-C-152,2018-01-10,10467926,BRK007,Sold
SALE0725,CUST0725,PROJ005,005-B-130,2018-01-11,14557573,BRK011,Sold
SALE0726,CUST0726,PROJ006,006-A-131,2018-01-14,12159213,BRK005,Sold
SALE0727,CUST0727,PROJ006,006-A-105,2018-01-20,8731861,BRK015,Sold
SALE0728,CUST0728,PROJ006,006-B-118,2018-01-23,11443228,BRK011,Sold
SALE0729,CUST0729,PROJ006,006-A-142,2018-01-25,7167834,BRK004,Sold
SALE0730,CUST0730,PROJ006,006-B-116,2018-01-27,10592935,BRK011,Sold
SALE0731,CUST0731,PROJ006,006-A-114,2018-02-03,12597971,BRK001,Sold
SALE0732,CUST0732,PROJ006,006-B-114,2018-02-04,8299701,BRK006,Sold
SALE0733,CUST0733,PROJ005,005-D-129,2018-02-08,12863484,BRK012,Sold
SALE0734,CUST0734,PROJ006,006-A-133,2018-02-10,7611190,BRK008,Sold
SALE0735,CUST0735,PROJ005,005-C-127,2018-02-16,8909081,BRK010,Sold
SALE0736,CUST0736,PROJ005,005-C-120,2018-02-17,8517062,BRK014,Sold
SALE0737,CUST0737,PROJ006,006-A-113,2018-02-17,8763379,BRK002,Sold
SALE0738,CUST0738,PROJ006,006-B-105,2018-02-17,12898561,BRK005,Sold
SALE0739,CUST0739,PROJ005,005-D-125,2018-02-18,9965439,BRK012,Sold
SALE0740,CUST0740,PROJ005,005-B-137,2018-02-21,13956945,BRK008,Sold
SALE0741,CUST0741,PROJ006,006-D-101,2018-02-28,9214419,BRK008,Sold
SALE0742,CUST0742,PROJ006,006-C-113,2018-03-07,12729325,BRK006,Sold
SALE0743,CUST0743,PROJ005,005-B-124,2018-03-08,13539592,BRK002,Sold
SALE0744,CUST0744,PROJ006,006-D-113,2018-03-11,9781799,BRK003,Sold
SALE0745,CUST0745,PROJ005,005-C-124,2018-03-18,11720532,BRK006,Sold
SALE0746,CUST0746,PROJ005,005-B-119,2018-03-21,14646030,BRK003,Sold
SALE0747,CUST0747,PROJ005,005-A-119,2018-03-22,13946363,BRK015,Sold
SALE0748,CUST0748,PROJ005,005-D-103,2018-03-29,12539536,BRK001,Sold
SALE0749,CUST0749,PROJ006,006-A-108,2018-04-03,8809105,BRK006,Sold
SALE0750,CUST0750,PROJ005,005-D-137,2018-04-06,10991822,BRK005,Sold
SALE0751,CUST0751,PROJ006,006-C-153,2018-04-08,8969106,BRK014,Sold
SALE0752,CUST0752,PROJ006,006-D-114,2018-04-08,11593446,BRK015,Sold
SALE0753,CUST0753,PROJ005,005-C-101,2018-04-10,11917992,BRK004,Sold
SALE0754,CUST0754,PROJ005,005-C-140,2018-04-10,12922967,BRK008,Sold
SALE0755,CUST0755,PROJ006,006-B-103,2018-04-12,12017908,BRK002,Sold
SALE0756,CUST0756,PROJ005,005-B-112,2018-04-13,14511411,BRK008,Sold
SALE0757,CUST0757,PROJ005,005-B-128,2018-04-14,10237243,BRK011,Sold
SALE0758,CUST0758,PROJ005,005-B-135,2018-04-25,12155522,BRK006,Sold
SALE0759,CUST0759,PROJ006,006-D-117,2018-04-29,7693303,BRK003,Sold
SALE0760,CUST0760,PROJ005,005-C-122,2018-04-30,12348088,BRK001,Sold
SALE0761,CUST0761,PROJ005,005-D-124,2018-05-08,8099432,BRK003,Sold
SALE0762,CUST0762,PROJ006,006-D-123,2018-05-14,7585271,BRK005,Sold
SALE0763,CUST0763,PROJ005,005-C-105,2018-05-20,12405077,BRK012,Sold
SALE0764,CUST0764,PROJ006,006-B-133,2018-05-26,7114245,BRK015,Sold
SALE0765,CUST0765,PROJ005,005-C-110,2018-05-31,14535373,BRK009,Sold
SALE0766,CUST0766,PROJ006,006-A-156,2018-05-31,11516353,BRK005,Sold
SALE0767,CUST0767,PROJ006,006-C-142,2018-05-31,12640077,BRK008,Sold
SALE0768,CUST0768,PROJ005,005-B-109,2018-06-04,14171553,BRK004,Sold
SALE0769,CUST0769,PROJ006,006-D-129,2018-06-09,12703757,BRK008,Sold
SALE0770,CUST0770,PROJ006,006-D-137,2018-06-10,11773113,BRK003,Sold
SALE0771,CUST0771,PROJ006,006-A-163,2018-06-13,12575199,BRK015,Sold
SALE0772,CUST0772,PROJ005,005-A-112,2018-06-18,10424682,BRK012,Sold
SALE0773,CUST0773,PROJ005,005-D-122,2018-06-21,8230384,BRK010,Sold
SALE0774,CUST0774,PROJ006,006-A-154,2018-06-23,10336281,BRK014,Sold
SALE0775,CUST0775,PROJ005,005-A-121,2018-06-26,13702792,BRK010,Sold
SALE0776,CUST0776,PROJ006,006-B-156,2018-07-04,11784791,BRK011,Sold
SALE0777,CUST0777,PROJ006,006-A-140,2018-07-04,8436491,BRK009,Sold
SALE0778,CUST0778,PROJ006,006-B-143,2018-07-10,12449964,BRK015,Sold
SALE0779,CUST0779,PROJ006,006-C-127,2018-07-11,9165841,BRK001,Sold
SALE0780,CUST0780,PROJ005,005-D-135,2018-07-14,13283277,BRK002,Sold
SALE0781,CUST0781,PROJ006,006-A-132,2018-07-14,12750852,BRK004,Sold
SALE0782,CUST0782,PROJ005,005-C-116,2018-07-15,12943866,BRK015,Sold
SALE0783,CUST0783,PROJ006,006-B-122,2018-07-15,7267402,BRK006,Sold
SALE0784,CUST0784,PROJ005,005-D-136,2018-07-20,12508444,BRK005,Sold
SALE0785,CUST0785,PROJ006,006-A-157,2018-07-22,12209161,BRK014,Sold
SALE0786,CUST0786,PROJ006,006-D-162,2018-07-25,11186182,BRK010,Sold
SALE0787,CUST0787,PROJ006,006-C-131,2018-07-26,7257493,BRK011,Sold
SALE0788,CUST0788,PROJ005,005-D-102,2018-07-30,13016810,BRK012,Sold
SALE0789,CUST0789,PROJ006,006-C-147,2018-07-30,8712385,BRK004,Sold
SALE0790,CUST0790,PROJ006,006-D-121,2018-07-31,11971227,BRK001,Sold
SALE0791,CUST0791,PROJ005,005-C-138,2018-08-01,10006081,BRK007,Sold
SALE0792,CUST0792,PROJ005,005-C-117,2018-08-01,13724978,BRK001,Sold
SALE0793,CUST0793,PROJ006,006-C-139,2018-08-03,11570321,BRK011,Sold
SALE0794,CUST0794,PROJ006,006-D-125,2018-08-06,11177244,BRK002,Sold
SALE0795,CUST0795,PROJ006,006-C-124,2018-08-11,8184492,BRK011,Sold
SALE0796,CUST0796,PROJ005,005-C-107,2018-08-13,12629729,BRK012,Sold
SALE0797,CUST0797,PROJ005,005-A-138,2018-08-13,11679818,BRK005,Sold
SALE0798,CUST0798,PROJ006,006-C-105,2018-08-13,11309476,BRK009,Sold
SALE0799,CUST0799,PROJ005,005-B-106,2018-08-14,13998116,BRK004,Sold
SALE0800,CUST0800,PROJ005,005-D-131,2018-08-15,11914855,BRK003,Sold
SALE0801,CUST0801,PROJ006,006-C-150,2018-08-23,7658668,BRK007,Sold
SALE0802,CUST0802,PROJ005,005-B-110,2018-08-31,12722283,BRK012,Sold
SALE0803,CUST0803,PROJ005,005-B-101,2018-09-03,12155512,BRK008,Sold
SALE0804,CUST0804,PROJ005,005-C-136,2018-09-08,8643734,BRK011,Sold
SALE0805,CUST0805,PROJ005,005-A-103,2018-09-09,13254803,BRK003,Sold
SALE0806,CUST0806,PROJ006,006-D-141,2018-09-18,10586307,BRK013,Sold
SALE0807,CUST0807,PROJ005,005-C-134,2018-09-20,14249305,BRK007,Sold
SALE0808,CUST0808,PROJ006,006-A-160,2018-09-22,11929936,BRK010,Sold
SALE0809,CUST0809,PROJ006,006-A-111,2018-09-22,9803494,BRK001,Sold
SALE0810,CUST0810,PROJ005,005-D-130,2018-09-24,8296867,BRK005,Sold
SALE0811,CUST0811,PROJ006,006-D-145,2018-09-28,8947412,BRK012,Sold
SALE0812,CUST0812,PROJ006,006-A-102,2018-09-29,11234705,BRK001,Sold
SALE0813,CUST0813,PROJ006,006-C-122,2018-10-07,11473135,BRK001,Sold
SALE0814,CUST0814,PROJ006,006-C-132,2018-10-10,12783396,BRK004,Sold
SALE0815,CUST0815,PROJ007,007-A-118,2018-10-12,19100213,BRK002,Sold
SALE0816,CUST0816,PROJ007,007-D-106,2018-10-17,16834453,BRK011,Sold
SALE0817,CUST0817,PROJ006,006-A-143,2018-10-18,9295433,BRK015,Sold
SALE0818,CUST0818,PROJ005,005-A-109,2018-10-19,11438095,BRK015,Sold
SALE0819,CUST0819,PROJ007,007-C-102,2018-10-22,16517730,BRK009,Sold
SALE0820,CUST0820,PROJ007,007-A-125,2018-10-25,19985432,BRK005,Sold
SALE0821,CUST0821,PROJ006,006-B-129,2018-11-03,10266161,BRK002,Sold
SALE0822,CUST0822,PROJ006,006-C-125,2018-11-04,12413609,BRK010,Sold
SALE0823,CUST0823,PROJ007,007-B-102,2018-11-04,9607346,BRK001,Sold
SALE0824,CUST0824,PROJ006,006-B-120,2018-11-08,9821335,BRK012,Sold
SALE0825,CUST0825,PROJ005,005-A-105,2018-11-09,9027323,BRK007,Sold
SALE0826,CUST0826,PROJ006,006-D-154,2018-11-11,12409366,BRK013,Sold
SALE0827,CUST0827,PROJ005,005-C-103,2018-11-19,12511992,BRK009,Sold
SALE0828,CUST0828,PROJ005,005-B-120,2018-11-20,12447980,BRK003,Sold
SALE0829,CUST0829,PROJ006,006-D-152,2018-11-22,12136538,BRK004,Sold
SALE0830,CUST0830,PROJ005,005-C-125,2018-11-24,12441436,BRK014,Sold
SALE0831,CUST0831,PROJ005,005-A-111,2018-12-04,12840632,BRK013,Sold
SALE0832,CUST0832,PROJ005,005-C-109,2018-12-25,14472467,BRK006,Sold
SALE0833,CUST0833,PROJ006,006-D-108,2018-12-28,8559829,BRK003,Sold
SALE0834,CUST0834,PROJ006,006-A-128,2019-01-03,8398041,BRK009,Sold
SALE0835,CUST0835,PROJ005,005-B-102,2019-01-06,14752828,BRK006,Sold
SALE0836,CUST0836,PROJ005,005-C-104,2019-01-11,8646639,BRK013,Sold
SALE0837,CUST0837,PROJ006,006-D-122,2019-01-13,8121638,BRK003,Sold
SALE0838,CUST0838,PROJ006,006-B-135,2019-01-16,8695951,BRK006,Sold
SALE0839,CUST0839,PROJ006,006-C-156,2019-01-17,7911252,BRK001,Sold
SALE0840,CUST0840,PROJ006,006-A-155,2019-01-18,11803746,BRK005,Sold
SALE0841,CUST0841,PROJ006,006-B-162,2019-01-24,10949507,BRK015,Sold
SALE0842,CUST0842,PROJ006,006-C-136,2019-01-28,12280149,BRK006,Sold
SALE0843,CUST0843,PROJ006,006-D-156,2019-02-06,9765046,BRK010,Sold
SALE0844,CUST0844,PROJ006,006-B-113,2019-02-08,7003356,BRK006,Sold
SALE0845,CUST0845,PROJ005,005-B-133,2019-02-09,13926748,BRK014,Sold
SALE0846,CUST0846,PROJ006,006-A-115,2019-02-13,7078774,BRK003,Sold
SALE0847,CUST0847,PROJ006,006-A-137,2019-02-13,8286608,BRK014,Sold
SALE0848,CUST0848,PROJ005,005-C-102,2019-02-16,11112713,BRK015,Sold
SALE0849,CUST0849,PROJ006,006-C-103,2019-02-20,9416465,BRK013,Sold
SALE0850,CUST0850,PROJ006,006-C-102,2019-02-20,9859470,BRK001,Sold
SALE0851,CUST0851,PROJ006,006-A-162,2019-02-21,7494205,BRK007,Sold
SALE0852,CUST0852,PROJ007,007-A-110,2019-02-25,12345531,BRK011,Sold
SALE0853,CUST0853,PROJ005,005-D-105,2019-02-27,10046478,BRK006,Sold
SALE0854,CUST0854,PROJ007,007-D-107,2019-02-27,14102924,BRK012,Sold
SALE0855,CUST0855,PROJ006,006-D-160,2019-02-28,7503818,BRK012,Sold
SALE0856,CUST0856,PROJ007,007-A-111,2019-02-28,17614214,BRK007,Sold
SALE0857,CUST0857,PROJ008,008-A-108,2019-03-02,39267930,BRK009,Sold
SALE0858,CUST0858,PROJ008,008-A-149,2019-03-03,25119702,BRK009,Sold
SALE0859,CUST0859,PROJ008,008-A-148,2019-03-03,39184308,BRK013,Sold
SALE0860,CUST0860,PROJ008,008-D-143,2019-03-04,20185217,BRK004,Sold
SALE0861,CUST0861,PROJ006,006-B-163,2019-03-05,8652308,BRK004,Sold
SALE0862,CUST0862,PROJ007,007-D-109,2019-03-06,14475263,BRK001,Sold
SALE0863,CUST0863,PROJ005,005-D-140,2019-03-10,11581594,BRK007,Sold
SALE0864,CUST0864,PROJ006,006-C-123,2019-03-11,11669695,BRK011,Sold
SALE0865,CUST0865,PROJ007,007-D-124,2019-03-16,17670927,BRK003,Sold
SALE0866,CUST0866,PROJ008,008-B-150,2019-03-18,26459116,BRK009,Sold
SALE0867,CUST0867,PROJ006,006-C-141,2019-03-19,10572164,BRK002,Sold
SALE0868,CUST0868,PROJ006,006-D-110,2019-03-19,8947111,BRK002,Sold
SALE0869,CUST0869,PROJ008,008-A-130,2019-03-19,40993428,BRK006,Sold
SALE0870,CUST0870,PROJ006,006-A-136,2019-03-20,10045995,BRK015,Sold
SALE0871,CUST0871,PROJ008,008-D-108,2019-03-20,33462627,BRK014,Sold
SALE0872,CUST0872,PROJ006,006-B-153,2019-03-21,9413763,BRK002,Sold
SALE0873,CUST0873,PROJ008,008-B-126,2019-03-21,33976887,BRK002,Sold
SALE0874,CUST0874,PROJ006,006-B-144,2019-03-24,10515554,BRK011,Sold
SALE0875,CUST0875,PROJ007,007-D-123,2019-03-24,16683963,BRK003,Sold
SALE0876,CUST0876,PROJ007,007-C-115,2019-03-27,18082678,BRK014,Sold
SALE0877,CUST0877,PROJ008,008-A-112,2019-04-01,24780731,BRK007,Sold
SALE0878,CUST0878,PROJ008,008-D-134,2019-04-09,31174710,BRK009,Sold
SALE0879,CUST0879,PROJ008,008-D-154,2019-04-10,24467767,BRK006,Sold
SALE0880,CUST0880,PROJ006,006-B-134,2019-04-24,12780743,BRK009,Sold
SALE0881,CUST0881,PROJ007,007-A-104,2019-04-25,12205469,BRK004,Sold
SALE0882,CUST0882,PROJ006,006-C-101,2019-04-26,12043034,BRK014,Sold
SALE0883,CUST0883,PROJ008,008-D-116,2019-04-27,29025483,BRK005,Sold
SALE0884,CUST0884,PROJ006,006-A-147,2019-04-29,11423920,BRK008,Sold
SALE0885,CUST0885,PROJ006,006-C-146,2019-04-30,8715521,BRK013,Sold
SALE0886,CUST0886,PROJ008,008-B-104,2019-05-01,41528330,BRK014,Sold
SALE0887,CUST0887,PROJ006,006-C-148,2019-05-02,7152341,BRK010,Sold
SALE0888,CUST0888,PROJ007,007-C-114,2019-05-02,18738961,BRK007,Sold
SALE0889,CUST0889,PROJ006,006-B-140,2019-05-05,11315077,BRK008,Sold
SALE0890,CUST0890,PROJ008,008-B-124,2019-05-05,31140986,BRK001,Sold
SALE0891,CUST0891,PROJ006,006-C-116,2019-05-06,9451417,BRK010,Sold
SALE0892,CUST0892,PROJ008,008-A-155,2019-05-08,35413283,BRK002,Sold
SALE0893,CUST0893,PROJ008,008-C-146,2019-05-09,43470102,BRK001,Sold
SALE0894,CUST0894,PROJ008,008-C-103,2019-05-12,38727406,BRK002,Sold
SALE0895,CUST0895,PROJ008,008-D-139,2019-05-12,37605445,BRK002,Sold
SALE0896,CUST0896,PROJ008,008-C-134,2019-05-15,28966476,BRK003,Sold
SALE0897,CUST0897,PROJ007,007-D-111,2019-05-17,16204970,BRK012,Sold
SALE0898,CUST0898,PROJ008,008-D-130,2019-05-18,32567371,BRK012,Sold
SALE0899,CUST0899,PROJ008,008-A-109,2019-05-20,42126359,BRK013,Sold
SALE0900,CUST0900,PROJ008,008-A-110,2019-05-22,38328593,BRK006,Sold
SALE0901,CUST0901,PROJ008,008-B-137,2019-05-24,20972661,BRK007,Sold
SALE0902,CUST0902,PROJ008,008-C-106,2019-05-26,35632164,BRK008,Sold
SALE0903,CUST0903,PROJ006,006-A-125,2019-05-27,12255668,BRK014,Sold
SALE0904,CUST0904,PROJ008,008-D-145,2019-05-30,24185931,BRK004,Sold
SALE0905,CUST0905,PROJ006,006-C-120,2019-06-04,11972848,BRK002,Sold
SALE0906,CUST0906,PROJ007,007-B-124,2019-06-06,9760077,BRK013,Sold
SALE0907,CUST0907,PROJ006,006-B-121,2019-06-08,7466615,BRK013,Sold
SALE0908,CUST0908,PROJ006,006-C-155,2019-06-08,11946550,BRK011,Sold
SALE0909,CUST0909,PROJ006,006-D-150,2019-06-11,7450624,BRK002,Sold
SALE0910,CUST0910,PROJ006,006-A-139,2019-06-17,12356637,BRK002,Sold
SALE0911,CUST0911,PROJ008,008-D-142,2019-06-18,38504351,BRK006,Sold
SALE0912,CUST0912,PROJ008,008-A-141,2019-06-19,35583059,BRK014,Sold
SALE0913,CUST0913,PROJ006,006-B-119,2019-06-20,10545598,BRK010,Sold
SALE0914,CUST0914,PROJ008,008-A-122,2019-06-26,35561298,BRK001,Sold
SALE0915,CUST0915,PROJ006,006-A-134,2019-06-28,12756902,BRK010,Sold
SALE0916,CUST0916,PROJ006,006-D-116,2019-06-30,7942985,BRK002,Sold
SALE0917,CUST0917,PROJ007,007-B-118,2019-07-10,9152392,BRK009,Sold
SALE0918,CUST0918,PROJ006,006-D-133,2019-07-12,7240208,BRK007,Sold
SALE0919,CUST0919,PROJ008,008-A-154,2019-07-16,24656354,BRK003,Sold
SALE0920,CUST0920,PROJ008,008-D-128,2019-07-18,32367996,BRK015,Sold
SALE0921,CUST0921,PROJ007,007-A-113,2019-07-22,12463748,BRK010,Sold
SALE0922,CUST0922,PROJ007,007-A-124,2019-07-27,10625277,BRK003,Sold
SALE0923,CUST0923,PROJ006,006-D-142,2019-07-31,10717638,BRK007,Sold
SALE0924,CUST0924,PROJ008,008-A-102,2019-08-01,33812515,BRK003,Sold
SALE0925,CUST0925,PROJ007,007-B-105,2019-08-05,9673236,BRK014,Sold
SALE0926,CUST0926,PROJ008,008-B-117,2019-08-08,22176349,BRK007,Sold
SALE0927,CUST0927,PROJ006,006-C-151,2019-08-10,10523526,BRK015,Sold
SALE0928,CUST0928,PROJ007,007-C-118,2019-08-10,19054466,BRK008,Sold
SALE0929,CUST0929,PROJ006,006-C-160,2019-08-17,12818927,BRK001,Sold
SALE0930,CUST0930,PROJ007,007-C-119,2019-08-19,12854862,BRK004,Sold
SALE0931,CUST0931,PROJ007,007-C-110,2019-08-19,19386535,BRK013,Sold
SALE0932,CUST0932,PROJ007,007-D-115,2019-08-23,9510518,BRK014,Sold
SALE0933,CUST0933,PROJ006,006-C-104,2019-08-27,11008846,BRK008,Sold
SALE0934,CUST0934,PROJ007,007-B-106,2019-09-01,17015881,BRK001,Sold
SALE0935,CUST0935,PROJ006,006-C-107,2019-09-04,11297814,BRK008,Sold
SALE0936,CUST0936,PROJ006,006-A-109,2019-09-05,7498387,BRK007,Sold
SALE0937,CUST0937,PROJ006,006-C-133,2019-09-10,10961816,BRK013,Sold
SALE0938,CUST0938,PROJ006,006-D-106,2019-09-12,9510430,BRK001,Sold
SALE0939,CUST0939,PROJ006,006-B-148,2019-09-15,11256218,BRK004,Sold
SALE0940,CUST0940,PROJ008,008-D-106,2019-09-17,22230910,BRK009,Sold
SALE0941,CUST0941,PROJ008,008-A-136,2019-09-17,29851965,BRK007,Sold
SALE0942,CUST0942,PROJ008,008-D-137,2019-09-18,40020408,BRK011,Sold
SALE0943,CUST0943,PROJ006,006-D-138,2019-09-20,11030576,BRK005,Sold
SALE0944,CUST0944,PROJ007,007-A-108,2019-09-27,12763489,BRK004,Sold
SALE0945,CUST0945,PROJ008,008-D-124,2019-10-01,26614113,BRK013,Sold
SALE0946,CUST0946,PROJ007,007-D-119,2019-10-03,18968130,BRK012,Sold
SALE0947,CUST0947,PROJ006,006-C-112,2019-10-07,7206961,BRK012,Sold
SALE0948,CUST0948,PROJ008,008-C-115,2019-10-07,43760757,BRK013,Sold
SALE0949,CUST0949,PROJ008,008-A-114,2019-10-07,26579896,BRK010,Sold
SALE0950,CUST0950,PROJ006,006-A-101,2019-10-08,8333115,BRK006,Sold
SALE0951,CUST0951,PROJ008,008-C-121,2019-10-09,29495260,BRK004,Sold
SALE0952,CUST0952,PROJ006,006-B-146,2019-10-15,7392861,BRK007,Sold
SALE0953,CUST0953,PROJ006,006-D-139,2019-10-21,9871645,BRK011,Sold
SALE0954,CUST0954,PROJ008,008-B-136,2019-10-23,41483671,BRK008,Sold
SALE0955,CUST0955,PROJ007,007-C-112,2019-10-24,10920293,BRK005,Sold
SALE0956,CUST0956,PROJ008,008-B-128,2019-10-25,37811007,BRK009,Sold
SALE0957,CUST0957,PROJ007,007-A-115,2019-10-27,19623950,BRK005,Sold
SALE0958,CUST0958,PROJ008,008-D-105,2019-10-28,43091709,BRK003,Sold
SALE0959,CUST0959,PROJ008,008-D-125,2019-10-29,22431721,BRK002,Sold
SALE0960,CUST0960,PROJ008,008-B-143,2019-10-31,31339567,BRK013,Sold
SALE0961,CUST0961,PROJ006,006-D-119,2019-11-03,12287861,BRK008,Sold
SALE0962,CUST0962,PROJ006,006-D-144,2019-11-05,12952584,BRK003,Sold
SALE0963,CUST0963,PROJ007,007-C-121,2019-11-07,9539739,BRK005,Sold
SALE0964,CUST0964,PROJ006,006-A-118,2019-11-10,7140358,BRK002,Sold
SALE0965,CUST0965,PROJ008,008-D-114,2019-11-12,44451817,BRK009,Sold
SALE0966,CUST0966,PROJ006,006-D-161,2019-11-13,9018621,BRK003,Sold
SALE0967,CUST0967,PROJ008,008-D-150,2019-11-15,35524256,BRK002,Sold
SALE0968,CUST0968,PROJ008,008-A-113,2019-11-20,32667137,BRK001,Sold
SALE0969,CUST0969,PROJ006,006-B-151,2019-11-22,8407585,BRK006,Sold
SALE0970,CUST0970,PROJ008,008-C-135,2019-11-27,43831470,BRK002,Sold
SALE0971,CUST0971,PROJ006,006-C-162,2019-11-28,7450509,BRK005,Sold
SALE0972,CUST0972,PROJ008,008-A-127,2019-11-28,30535744,BRK014,Sold
SALE0973,CUST0973,PROJ008,008-A-153,2019-12-01,33912510,BRK009,Sold
SALE0974,CUST0974,PROJ007,007-C-122,2019-12-02,13752623,BRK005,Sold
SALE0975,CUST0975,PROJ007,007-C-120,2019-12-02,12685830,BRK004,Sold
SALE0976,CUST0976,PROJ008,008-B-123,2019-12-02,39859223,BRK005,Sold
SALE0977,CUST0977,PROJ008,008-D-115,2019-12-03,29427762,BRK009,Sold
SALE0978,CUST0978,PROJ008,008-A-134,2019-12-04,27033789,BRK013,Sold
SALE0979,CUST0979,PROJ006,006-C-158,2019-12-06,8744559,BRK004,Sold
SALE0980,CUST0980,PROJ006,006-C-144,2019-12-06,11469632,BRK012,Sold
SALE0981,CUST0981,PROJ006,006-D-102,2019-12-08,12480322,BRK012,Sold
SALE0982,CUST0982,PROJ006,006-B-130,2019-12-13,8418383,BRK004,Sold
SALE0983,CUST0983,PROJ008,008-D-138,2019-12-13,24327084,BRK008,Sold
SALE0984,CUST0984,PROJ008,008-C-132,2019-12-14,40547185,BRK006,Sold
SALE0985,CUST0985,PROJ008,008-D-140,2019-12-16,25971458,BRK001,Sold
SALE0986,CUST0986,PROJ007,007-B-121,2019-12-21,11327597,BRK004,Sold
SALE0987,CUST0987,PROJ008,008-B-129,2019-12-21,37515731,BRK008,Sold
SALE0988,CUST0988,PROJ006,006-C-134,2019-12-25,11805784,BRK011,Sold
SALE0989,CUST0989,PROJ008,008-C-148,2019-12-25,21167423,BRK004,Sold
SALE0990,CUST0990,PROJ008,008-A-125,2019-12-27,22644011,BRK009,Sold
SALE0991,CUST0991,PROJ006,006-B-111,2020-01-07,12835004,BRK007,Sold
SALE0992,CUST0992,PROJ007,007-A-122,2020-01-13,18500715,BRK009,Sold
SALE0993,CUST0993,PROJ008,008-C-112,2020-01-18,36545986,BRK004,Sold
SALE0994,CUST0994,PROJ006,006-A-149,2020-01-20,9982641,BRK010,Sold
SALE0995,CUST0995,PROJ008,008-C-145,2020-01-20,32829890,BRK007,Sold
SALE0996,CUST0996,PROJ006,006-D-118,2020-01-22,12767467,BRK014,Sold
SALE0997,CUST0997,PROJ006,006-A-151,2020-01-23,9245979,BRK015,Sold
SALE0998,CUST0998,PROJ008,008-B-145,2020-01-23,24551868,BRK010,Sold
SALE0999,CUST0999,PROJ006,006-C-137,2020-01-25,8416510,BRK014,Sold
SALE1000,CUST1000,PROJ008,008-B-146,2020-01-25,37578659,BRK015,Sold
SALE1001,CUST1001,PROJ007,007-A-119,2020-01-29,18268273,BRK012,Sold
SALE1002,CUST1002,PROJ008,008-C-119,2020-01-30,38114497,BRK009,Sold
SALE1003,CUST1003,PROJ008,008-A-145,2020-02-02,41292443,BRK008,Sold
SALE1004,CUST1004,PROJ008,008-D-107,2020-02-05,38317538,BRK015,Sold
SALE1005,CUST1005,PROJ008,008-B-152,2020-02-08,27973684,BRK008,Sold
SALE1006,CUST1006,PROJ008,008-C-155,2020-02-08,29900135,BRK009,Sold
SALE1007,CUST1007,PROJ008,008-B-149,2020-02-09,23317112,BRK015,Sold
SALE1008,CUST1008,PROJ006,006-C-118,2020-02-13,12347387,BRK015,Sold
SALE1009,CUST1009,PROJ006,006-B-131,2020-02-16,8133377,BRK014,Sold
SALE1010,CUST1010,PROJ008,008-D-132,2020-02-19,24857183,BRK008,Sold
SALE1011,CUST1011,PROJ007,007-A-109,2020-02-23,17829711,BRK002,Sold
SALE1012,CUST1012,PROJ007,007-C-109,2020-02-24,14936589,BRK005,Sold
SALE1013,CUST1013,PROJ008,008-B-147,2020-02-26,21981205,BRK008,Sold
SALE1014,CUST1014,PROJ007,007-A-116,2020-02-27,18761653,BRK011,Sold
SALE1015,CUST1015,PROJ007,007-A-101,2020-02-28,16957651,BRK006,Sold
SALE1016,CUST1016,PROJ006,006-C-140,2020-03-01,12504972,BRK006,Sold
SALE1017,CUST1017,PROJ008,008-D-127,2020-03-03,21516554,BRK010,Sold
SALE1018,CUST1018,PROJ008,008-C-117,2020-03-04,35495290,BRK012,Sold
SALE1019,CUST1019,PROJ006,006-B-126,2020-03-05,7239818,BRK002,Sold
SALE1020,CUST1020,PROJ007,007-C-117,2020-03-06,12332857,BRK011,Sold
SALE1021,CUST1021,PROJ007,007-A-105,2020-03-13,12508978,BRK003,Sold
SALE1022,CUST1022,PROJ008,008-C-101,2020-03-15,40069471,BRK015,Sold
SALE1023,CUST1023,PROJ008,008-B-114,2020-03-24,28457762,BRK014,Sold
SALE1024,CUST1024,PROJ006,006-C-114,2020-04-01,10062691,BRK006,Sold
SALE1025,CUST1025,PROJ008,008-A-106,2020-04-01,40440936,BRK012,Sold
SALE1026,CUST1026,PROJ006,006-D-151,2020-04-03,12202430,BRK013,Sold
SALE1027,CUST1027,PROJ008,008-B-111,2020-04-03,23703278,BRK013,Sold
SALE1028,CUST1028,PROJ008,008-C-118,2020-04-04,23947962,BRK005,Sold
SALE1029,CUST1029,PROJ006,006-B-145,2020-04-05,9485210,BRK005,Sold
SALE1030,CUST1030,PROJ007,007-A-107,2020-04-05,13366335,BRK002,Sold
SALE1031,CUST1031,PROJ008,008-D-111,2020-04-10,32996567,BRK014,Sold
SALE1032,CUST1032,PROJ008,008-B-116,2020-04-11,35544866,BRK001,Sold
SALE1033,CUST1033,PROJ006,006-B-127,2020-04-14,11440978,BRK011,Sold
SALE1034,CUST1034,PROJ008,008-A-128,2020-04-17,40771023,BRK006,Sold
SALE1035,CUST1035,PROJ006,006-B-142,2020-04-18,10254439,BRK008,Sold
SALE1036,CUST1036,PROJ006,006-A-127,2020-04-19,8564213,BRK002,Sold
SALE1037,CUST1037,PROJ008,008-D-155,2020-04-25,38964064,BRK002,Sold
SALE1038,CUST1038,PROJ006,006-A-141,2020-04-26,12429161,BRK012,Sold
SALE1039,CUST1039,PROJ007,007-D-117,2020-04-27,19510354,BRK012,Sold
SALE1040,CUST1040,PROJ006,006-B-149,2020-04-29,12343785,BRK012,Sold
SALE1041,CUST1041,PROJ007,007-B-104,2020-04-29,13628021,BRK011,Sold
SALE1042,CUST1042,PROJ007,007-B-111,2020-05-04,15008637,BRK014,Sold
SALE1043,CUST1043,PROJ007,007-B-116,2020-05-04,9129611,BRK004,Sold
SALE1044,CUST1044,PROJ007,007-B-119,2020-05-10,11047503,BRK009,Sold
SALE1045,CUST1045,PROJ006,006-D-132,2020-05-11,9274079,BRK010,Sold
SALE1046,CUST1046,PROJ008,008-B-133,2020-05-13,30317305,BRK005,Sold
SALE1047,CUST1047,PROJ008,008-C-126,2020-05-16,44504823,BRK002,Sold
SALE1048,CUST1048,PROJ006,006-C-117,2020-05-19,8566271,BRK004,Sold
SALE1049,CUST1049,PROJ006,006-B-102,2020-05-24,9401766,BRK011,Sold
SALE1050,CUST1050,PROJ008,008-D-117,2020-05-26,40535877,BRK003,Sold
SALE1051,CUST1051,PROJ006,006-B-138,2020-05-28,9639532,BRK002,Sold
SALE1052,CUST1052,PROJ007,007-A-106,2020-05-28,9768600,BRK015,Sold
SALE1053,CUST1053,PROJ007,007-A-112,2020-05-28,16980032,BRK013,Sold
SALE1054,CUST1054,PROJ006,006-C-157,2020-05-29,7041260,BRK006,Sold
SALE1055,CUST1055,PROJ006,006-B-115,2020-05-31,10321739,BRK008,Sold
SALE1056,CUST1056,PROJ006,006-D-155,2020-05-31,12039125,BRK015,Sold
SALE1057,CUST1057,PROJ007,007-C-124,2020-06-08,16013240,BRK011,Sold
SALE1058,CUST1058,PROJ008,008-C-131,2020-06-08,41396326,BRK010,Sold
SALE1059,CUST1059,PROJ008,008-A-123,2020-06-12,22598649,BRK012,Sold
SALE1060,CUST1060,PROJ006,006-B-137,2020-06-21,7143503,BRK006,Sold
SALE1061,CUST1061,PROJ006,006-D-158,2020-06-22,9017963,BRK004,Sold
SALE1062,CUST1062,PROJ006,006-A-117,2020-06-24,10948391,BRK004,Sold
SALE1063,CUST1063,PROJ006,006-B-155,2020-06-26,12096314,BRK005,Sold
SALE1064,CUST1064,PROJ008,008-A-133,2020-06-29,40912926,BRK010,Sold
SALE1065,CUST1065,PROJ006,006-D-126,2020-06-30,12479111,BRK002,Sold
SALE1066,CUST1066,PROJ006,006-C-128,2020-07-02,8716935,BRK013,Sold
SALE1067,CUST1067,PROJ008,008-A-111,2020-07-03,36190367,BRK009,Sold
SALE1068,CUST1068,PROJ006,006-B-152,2020-07-07,11819104,BRK015,Sold
SALE1069,CUST1069,PROJ006,006-D-127,2020-07-11,9616788,BRK008,Sold
SALE1070,CUST1070,PROJ007,007-D-105,2020-07-17,12793965,BRK011,Sold
SALE1071,CUST1071,PROJ008,008-D-141,2020-07-19,44521937,BRK001,Sold
SALE1072,CUST1072,PROJ006,006-C-121,2020-07-23,11796962,BRK014,Sold
SALE1073,CUST1073,PROJ006,006-B-124,2020-07-25,9435857,BRK006,Sold
SALE1074,CUST1074,PROJ007,007-A-103,2020-07-29,17909779,BRK012,Sold
SALE1075,CUST1075,PROJ006,006-B-123,2020-08-01,12968398,BRK012,Sold
SALE1076,CUST1076,PROJ006,006-A-120,2020-08-02,11542394,BRK009,Sold
SALE1077,CUST1077,PROJ008,008-C-133,2020-08-05,35324918,BRK012,Sold
SALE1078,CUST1078,PROJ006,006-C-145,2020-08-07,12970718,BRK002,Sold
SALE1079,CUST1079,PROJ008,008-D-121,2020-08-12,27900843,BRK012,Sold
SALE1080,CUST1080,PROJ006,006-D-147,2020-08-13,8487408,BRK007,Sold
SALE1081,CUST1081,PROJ006,006-B-112,2020-08-19,9532345,BRK007,Sold
SALE1082,CUST1082,PROJ008,008-B-107,2020-08-23,42685045,BRK002,Sold
SALE1083,CUST1083,PROJ006,006-B-110,2020-08-24,7413760,BRK004,Sold
SALE1084,CUST1084,PROJ008,008-A-147,2020-08-25,44874737,BRK008,Sold
SALE1085,CUST1085,PROJ008,008-A-121,2020-08-25,32817475,BRK003,Sold
SALE1086,CUST1086,PROJ008,008-D-110,2020-08-26,28756898,BRK015,Sold
SALE1087,CUST1087,PROJ006,006-D-149,2020-08-27,9569128,BRK010,Sold
SALE1088,CUST1088,PROJ007,007-C-101,2020-09-02,9184893,BRK003,Sold
SALE1089,CUST1089,PROJ007,007-D-110,2020-09-08,16984768,BRK007,Sold
SALE1090,CUST1090,PROJ006,006-D-104,2020-09-11,9912655,BRK014,Sold
SALE1091,CUST1091,PROJ007,007-A-123,2020-09-11,12331135,BRK014,Sold
SALE1092,CUST1092,PROJ008,008-C-125,2020-09-12,24994215,BRK009,Sold
SALE1093,CUST1093,PROJ006,006-C-159,2020-09-13,7121896,BRK009,Sold
SALE1094,CUST1094,PROJ006,006-D-109,2020-09-13,9326198,BRK001,Sold
SALE1095,CUST1095,PROJ006,006-C-138,2020-09-13,11200242,BRK011,Sold
SALE1096,CUST1096,PROJ006,006-C-119,2020-09-16,8343850,BRK009,Sold
SALE1097,CUST1097,PROJ006,006-D-146,2020-09-18,8653606,BRK015,Sold
SALE1098,CUST1098,PROJ006,006-A-110,2020-09-20,9666257,BRK006,Sold
SALE1099,CUST1099,PROJ006,006-D-157,2020-09-21,11955356,BRK008,Sold
SALE1100,CUST1100,PROJ006,006-B-128,2020-09-22,10685748,BRK014,Sold
SALE1101,CUST1101,PROJ006,006-B-160,2020-09-24,11582379,BRK005,Sold
SALE1102,CUST1102,PROJ006,006-C-106,2020-09-26,11348390,BRK013,Sold
SALE1103,CUST1103,PROJ007,007-C-105,2020-10-03,11764722,BRK006,Sold
SALE1104,CUST1104,PROJ006,006-D-105,2020-10-06,9803588,BRK014,Sold
SALE1105,CUST1105,PROJ006,006-D-148,2020-10-08,8398967,BRK001,Sold
SALE1106,CUST1106,PROJ007,007-C-104,2020-10-11,18570202,BRK011,Sold
SALE1107,CUST1107,PROJ006,006-A-130,2020-10-12,7739264,BRK003,Sold
SALE1108,CUST1108,PROJ008,008-B-151,2020-10-14,24396645,BRK013,Sold
SALE1109,CUST1109,PROJ008,008-D-112,2020-10-14,37268242,BRK004,Sold
SALE1110,CUST1110,PROJ008,008-B-120,2020-10-16,34630491,BRK010,Sold
SALE1111,CUST1111,PROJ006,006-B-117,2020-10-17,10319926,BRK009,Sold
SALE1112,CUST1112,PROJ008,008-C-144,2020-10-20,36236554,BRK013,Sold
SALE1113,CUST1113,PROJ007,007-A-114,2020-10-21,13932976,BRK004,Sold
SALE1114,CUST1114,PROJ008,008-D-104,2020-10-21,21458899,BRK013,Sold
SALE1115,CUST1115,PROJ008,008-A-119,2020-10-21,21449601,BRK011,Sold
SALE1116,CUST1116,PROJ008,008-A-129,2020-10-22,33964988,BRK005,Sold
SALE1117,CUST1117,PROJ007,007-D-101,2020-10-25,12848737,BRK005,Sold
SALE1118,CUST1118,PROJ007,007-A-102,2020-10-27,16350301,BRK014,Sold
SALE1119,CUST1119,PROJ008,008-A-140,2020-10-27,32234820,BRK014,Sold
SALE1120,CUST1120,PROJ008,008-B-127,2020-11-07,40610682,BRK001,Sold
SALE1121,CUST1121,PROJ007,007-B-103,2020-11-13,13093556,BRK002,Sold
SALE1122,CUST1122,PROJ007,007-D-116,2020-11-13,18800874,BRK008,Sold
SALE1123,CUST1123,PROJ008,008-C-108,2020-11-22,32105952,BRK001,Sold
SALE1124,CUST1124,PROJ008,008-C-130,2020-11-27,35250079,BRK004,Sold
SALE1125,CUST1125,PROJ008,008-B-138,2020-12-01,39224798,BRK003,Sold
SALE1126,CUST1126,PROJ008,008-A-152,2020-12-06,43530289,BRK014,Sold
SALE1127,CUST1127,PROJ007,007-B-125,2020-12-07,13126069,BRK005,Sold
SALE1128,CUST1128,PROJ008,008-D-118,2020-12-16,36951706,BRK001,Sold
SALE1129,CUST1129,PROJ008,008-D-146,2020-12-31,27819125,BRK002,Sold
SALE1130,CUST1130,PROJ008,008-C-120,2021-01-03,37603949,BRK012,Sold
SALE1131,CUST1131,PROJ008,008-A-101,2021-01-03,42588010,BRK003,Sold
SALE1132,CUST1132,PROJ008,008-D-149,2021-01-04,40300494,BRK002,Sold
SALE1133,CUST1133,PROJ008,008-A-135,2021-01-27,20708840,BRK005,Sold
SALE1134,CUST1134,PROJ008,008-D-152,2021-01-29,44514087,BRK011,Sold
SALE1135,CUST1135,PROJ008,008-C-102,2021-02-12,28390940,BRK013,Sold
SALE1136,CUST1136,PROJ007,007-D-114,2021-02-16,19759920,BRK009,Sold
SALE1137,CUST1137,PROJ008,008-A-150,2021-02-17,36844827,BRK005,Sold
SALE1138,CUST1138,PROJ007,007-D-125,2021-02-26,16472347,BRK003,Sold
SALE1139,CUST1139,PROJ008,008-A-103,2021-03-01,37361621,BRK010,Sold
SALE1140,CUST1140,PROJ007,007-D-118,2021-03-02,13215540,BRK011,Sold
SALE1141,CUST1141,PROJ008,008-C-153,2021-03-15,26014243,BRK004,Sold
SALE1142,CUST1142,PROJ007,007-C-106,2021-03-17,18419194,BRK015,Sold
SALE1143,CUST1143,PROJ007,007-B-109,2021-03-22,16444072,BRK010,Sold
SALE1144,CUST1144,PROJ008,008-C-151,2021-03-23,31864340,BRK009,Sold
SALE1145,CUST1145,PROJ007,007-A-121,2021-04-01,19896890,BRK014,Sold
SALE1146,CUST1146,PROJ008,008-C-113,2021-04-05,24204031,BRK001,Sold
SALE1147,CUST1147,PROJ008,008-A-117,2021-04-10,39767354,BRK014,Sold
SALE1148,CUST1148,PROJ008,008-B-121,2021-04-12,27399482,BRK007,Sold
SALE1149,CUST1149,PROJ008,008-D-131,2021-04-22,42379793,BRK007,Sold
SALE1150,CUST1150,PROJ008,008-B-142,2021-04-24,27019595,BRK015,Sold
SALE1151,CUST1151,PROJ008,008-B-154,2021-04-24,37925038,BRK005,Sold
SALE1152,CUST1152,PROJ008,008-A-124,2021-05-01,41329742,BRK014,Sold
SALE1153,CUST1153,PROJ007,007-D-102,2021-05-13,14536661,BRK005,Sold
SALE1154,CUST1154,PROJ007,007-D-113,2021-05-14,14967695,BRK006,Sold
SALE1155,CUST1155,PROJ007,007-B-110,2021-05-20,15490575,BRK001,Sold
SALE1156,CUST1156,PROJ008,008-C-116,2021-05-20,33197263,BRK009,Sold
SALE1157,CUST1157,PROJ008,008-C-104,2021-05-22,29722289,BRK001,Sold
SALE1158,CUST1158,PROJ008,008-C-109,2021-05-25,42284421,BRK010,Sold
SALE1159,CUST1159,PROJ008,008-D-133,2021-05-30,28295208,BRK014,Sold
SALE1160,CUST1160,PROJ008,008-B-112,2021-06-04,38398411,BRK007,Sold
SALE1161,CUST1161,PROJ008,008-C-111,2021-06-09,31669217,BRK014,Sold
SALE1162,CUST1162,PROJ007,007-D-122,2021-06-12,9305519,BRK003,Sold
SALE1163,CUST1163,PROJ008,008-D-147,2021-06-17,38853289,BRK005,Sold
SALE1164,CUST1164,PROJ008,008-C-139,2021-06-19,38617620,BRK015,Sold
SALE1165,CUST1165,PROJ007,007-A-120,2021-06-21,9655932,BRK006,Sold
SALE1166,CUST1166,PROJ008,008-A-126,2021-06-21,32611556,BRK006,Sold
SALE1167,CUST1167,PROJ009,009-D-126,2021-06-22,17532202,BRK008,Sold
SALE1168,CUST1168,PROJ008,008-B-130,2021-06-26,38030531,BRK009,Sold
SALE1169,CUST1169,PROJ007,007-C-125,2021-06-28,19329950,BRK013,Sold
SALE1170,CUST1170,PROJ009,009-C-102,2021-06-29,20469741,BRK012,Sold
SALE1171,CUST1171,PROJ009,009-D-103,2021-07-12,16342398,BRK001,Sold
SALE1172,CUST1172,PROJ007,007-B-107,2021-07-20,13441127,BRK005,Sold
SALE1173,CUST1173,PROJ008,008-C-143,2021-07-24,38543798,BRK004,Sold
SALE1174,CUST1174,PROJ008,008-C-147,2021-07-25,37103387,BRK011,Sold
SALE1175,CUST1175,PROJ008,008-A-116,2021-07-26,26952064,BRK015,Sold
SALE1176,CUST1176,PROJ009,009-D-129,2021-07-26,10127836,BRK011,Sold
SALE1177,CUST1177,PROJ008,008-B-108,2021-07-27,37939150,BRK001,Sold
SALE1178,CUST1178,PROJ008,008-C-150,2021-08-02,28466162,BRK010,Sold
SALE1179,CUST1179,PROJ008,008-B-102,2021-08-04,30178069,BRK006,Sold
SALE1180,CUST1180,PROJ008,008-B-153,2021-08-09,35288047,BRK005,Sold
SALE1181,CUST1181,PROJ009,009-D-101,2021-08-11,10300644,BRK008,Sold
SALE1182,CUST1182,PROJ009,009-C-104,2021-08-15,11214339,BRK008,Sold
SALE1183,CUST1183,PROJ009,009-C-114,2021-08-19,20302013,BRK012,Sold
SALE1184,CUST1184,PROJ008,008-A-151,2021-08-23,43404602,BRK010,Sold
SALE1185,CUST1185,PROJ008,008-A-138,2021-08-24,36395267,BRK010,Sold
SALE1186,CUST1186,PROJ009,009-C-131,2021-08-24,10211664,BRK012,Sold
SALE1187,CUST1187,PROJ009,009-B-126,2021-08-29,17284841,BRK010,Sold
SALE1188,CUST1188,PROJ009,009-A-113,2021-08-29,15927182,BRK006,Sold
SALE1189,CUST1189,PROJ007,007-D-112,2021-09-01,12599243,BRK012,Sold
SALE1190,CUST1190,PROJ008,008-C-154,2021-09-06,35293891,BRK012,Sold
SALE1191,CUST1191,PROJ007,007-B-120,2021-09-09,19395362,BRK013,Sold
SALE1192,CUST1192,PROJ009,009-C-107,2021-09-09,10206047,BRK010,Sold
SALE1193,CUST1193,PROJ007,007-D-108,2021-09-14,17239439,BRK005,Sold
SALE1194,CUST1194,PROJ007,007-D-103,2021-09-17,13211092,BRK004,Sold
SALE1195,CUST1195,PROJ008,008-C-152,2021-09-17,30770018,BRK004,Sold
SALE1196,CUST1196,PROJ007,007-C-111,2021-09-18,9363891,BRK013,Sold
SALE1197,CUST1197,PROJ008,008-D-101,2021-09-19,39006554,BRK012,Sold
SALE1198,CUST1198,PROJ008,008-A-144,2021-09-20,40704163,BRK010,Sold
SALE1199,CUST1199,PROJ008,008-D-126,2021-09-21,40435227,BRK010,Sold
SALE1200,CUST1200,PROJ009,009-C-128,2021-09-22,14626074,BRK007,Sold
SALE1201,CUST1201,PROJ009,009-B-112,2021-09-24,20701453,BRK007,Sold
SALE1202,CUST1202,PROJ007,007-B-108,2021-09-28,9280900,BRK001,Sold
SALE1203,CUST1203,PROJ008,008-B-118,2021-09-28,44829972,BRK015,Sold
SALE1204,CUST1204,PROJ008,008-C-114,2021-10-01,21038263,BRK003,Sold
SALE1205,CUST1205,PROJ007,007-D-121,2021-10-02,14861529,BRK006,Sold
SALE1206,CUST1206,PROJ008,008-D-148,2021-10-06,40020717,BRK011,Sold
SALE1207,CUST1207,PROJ008,008-C-124,2021-10-09,32086184,BRK003,Sold
SALE1208,CUST1208,PROJ008,008-D-102,2021-10-09,23033836,BRK003,Sold
SALE1209,CUST1209,PROJ007,007-B-112,2021-10-12,10410879,BRK006,Sold
SALE1210,CUST1210,PROJ009,009-A-120,2021-10-17,20900896,BRK008,Sold
SALE1211,CUST1211,PROJ007,007-C-103,2021-10-18,19436201,BRK001,Sold
SALE1212,CUST1212,PROJ008,008-A-120,2021-10-20,42189180,BRK002,Sold
SALE1213,CUST1213,PROJ008,008-D-119,2021-10-25,43260333,BRK008,Sold
SALE1214,CUST1214,PROJ007,007-B-113,2021-10-27,10369828,BRK001,Sold
SALE1215,CUST1215,PROJ008,008-B-131,2021-11-03,21441305,BRK002,Sold
SALE1216,CUST1216,PROJ008,008-C-107,2021-11-10,27502309,BRK007,Sold
SALE1217,CUST1217,PROJ009,009-B-113,2021-11-11,11536622,BRK011,Sold
SALE1218,CUST1218,PROJ008,008-B-101,2021-11-14,44145906,BRK012,Sold
SALE1219,CUST1219,PROJ008,008-C-142,2021-11-15,27660888,BRK009,Sold
SALE1220,CUST1220,PROJ008,008-D-135,2021-11-16,25538900,BRK010,Sold
SALE1221,CUST1221,PROJ008,008-C-127,2021-11-16,27858265,BRK005,Sold
SALE1222,CUST1222,PROJ009,009-D-113,2021-11-16,21595876,BRK009,Sold
SALE1223,CUST1223,PROJ008,008-B-139,2021-11-19,32203750,BRK013,Sold
SALE1224,CUST1224,PROJ007,007-D-104,2021-11-21,14799097,BRK012,Sold
SALE1225,CUST1225,PROJ007,007-D-120,2021-11-23,10121155,BRK009,Sold
SALE1226,CUST1226,PROJ009,009-D-124,2021-11-23,13716261,BRK010,Sold
SALE1227,CUST1227,PROJ007,007-B-122,2021-11-24,11885131,BRK012,Sold
SALE1228,CUST1228,PROJ007,007-B-101,2021-11-24,19258783,BRK014,Sold
SALE1229,CUST1229,PROJ009,009-C-124,2021-11-24,18964891,BRK008,Sold
SALE1230,CUST1230,PROJ008,008-B-140,2021-11-26,21806155,BRK004,Sold
SALE1231,CUST1231,PROJ009,009-A-108,2021-11-26,17782647,BRK015,Sold
SALE1232,CUST1232,PROJ008,008-B-135,2021-12-02,37311338,BRK010,Sold
SALE1233,CUST1233,PROJ008,008-A-142,2021-12-08,38851406,BRK008,Sold
SALE1234,CUST1234,PROJ009,009-D-127,2021-12-10,21091404,BRK006,Sold
SALE1235,CUST1235,PROJ008,008-B-122,2021-12-11,26552812,BRK011,Sold
SALE1236,CUST1236,PROJ009,009-B-116,2021-12-15,18893827,BRK012,Sold
SALE1237,CUST1237,PROJ008,008-C-136,2021-12-16,27728462,BRK014,Sold
SALE1238,CUST1238,PROJ008,008-D-136,2021-12-16,33074500,BRK011,Sold
SALE1239,CUST1239,PROJ009,009-A-123,2021-12-19,21555489,BRK015,Sold
SALE1240,CUST1240,PROJ008,008-B-134,2021-12-20,29107368,BRK014,Sold
SALE1241,CUST1241,PROJ009,009-A-119,2021-12-23,17957067,BRK015,Sold
SALE1242,CUST1242,PROJ009,009-C-105,2021-12-29,10563208,BRK014,Sold
SALE1243,CUST1243,PROJ009,009-A-124,2022-01-04,21332289,BRK013,Sold
SALE1244,CUST1244,PROJ009,009-D-112,2022-01-06,19653191,BRK003,Sold
SALE1245,CUST1245,PROJ009,009-A-107,2022-01-09,14834897,BRK008,Sold
SALE1246,CUST1246,PROJ008,008-B-109,2022-01-11,44190647,BRK001,Sold
SALE1247,CUST1247,PROJ008,008-C-141,2022-01-12,28649510,BRK011,Sold
SALE1248,CUST1248,PROJ009,009-A-101,2022-01-13,10931217,BRK004,Sold
SALE1249,CUST1249,PROJ009,009-D-104,2022-01-17,18822601,BRK008,Sold
SALE1250,CUST1250,PROJ009,009-D-119,2022-01-21,16540593,BRK005,Sold
SALE1251,CUST1251,PROJ008,008-D-123,2022-01-23,29105351,BRK001,Sold
SALE1252,CUST1252,PROJ009,009-A-135,2022-01-24,13420762,BRK002,Sold
SALE1253,CUST1253,PROJ009,009-A-115,2022-02-02,11840008,BRK005,Sold
SALE1254,CUST1254,PROJ008,008-A-139,2022-02-05,25974085,BRK012,Sold
SALE1255,CUST1255,PROJ009,009-B-106,2022-02-13,20679502,BRK007,Sold
SALE1256,CUST1256,PROJ008,008-B-115,2022-02-21,34306527,BRK007,Sold
SALE1257,CUST1257,PROJ008,008-A-137,2022-02-23,28360416,BRK004,Sold
SALE1258,CUST1258,PROJ008,008-C-123,2022-02-23,22168603,BRK010,Sold
SALE1259,CUST1259,PROJ008,008-B-103,2022-02-27,37198981,BRK005,Sold
SALE1260,CUST1260,PROJ008,008-D-153,2022-03-05,36820942,BRK009,Sold
SALE1261,CUST1261,PROJ008,008-C-138,2022-03-15,37925669,BRK014,Sold
SALE1262,CUST1262,PROJ008,008-B-141,2022-03-20,21668358,BRK008,Sold
SALE1263,CUST1263,PROJ009,009-C-116,2022-03-23,19039412,BRK002,Sold
SALE1264,CUST1264,PROJ008,008-C-105,2022-03-24,28744650,BRK012,Sold
SALE1265,CUST1265,PROJ008,008-B-105,2022-03-26,25249970,BRK002,Sold
SALE1266,CUST1266,PROJ008,008-B-110,2022-03-28,28206670,BRK012,Sold
SALE1267,CUST1267,PROJ008,008-A-118,2022-04-05,39954049,BRK002,Sold
SALE1268,CUST1268,PROJ008,008-B-155,2022-04-06,36084210,BRK001,Sold
SALE1269,CUST1269,PROJ008,008-B-144,2022-04-08,43648626,BRK004,Sold
SALE1270,CUST1270,PROJ008,008-C-129,2022-04-28,26241364,BRK014,Sold
SALE1271,CUST1271,PROJ008,008-C-137,2022-05-03,31404277,BRK001,Sold
SALE1272,CUST1272,PROJ008,008-B-113,2022-05-06,26718714,BRK008,Sold
SALE1273,CUST1273,PROJ009,009-A-128,2022-05-11,15272512,BRK010,Sold
SALE1274,CUST1274,PROJ008,008-A-132,2022-05-13,31550042,BRK012,Sold
SALE1275,CUST1275,PROJ008,008-A-143,2022-05-19,34239382,BRK011,Sold
SALE1276,CUST1276,PROJ008,008-A-107,2022-05-26,30654765,BRK014,Sold
SALE1277,CUST1277,PROJ009,009-D-111,2022-05-31,16050756,BRK003,Sold
SALE1278,CUST1278,PROJ008,008-A-115,2022-06-01,34066633,BRK003,Sold
SALE1279,CUST1279,PROJ009,009-B-117,2022-06-09,20799012,BRK012,Sold
SALE1280,CUST1280,PROJ009,009-A-116,2022-06-17,18033610,BRK001,Sold
SALE1281,CUST1281,PROJ009,009-C-113,2022-06-23,13982459,BRK001,Sold
SALE1282,CUST1282,PROJ009,009-D-130,2022-07-02,18661158,BRK002,Sold
SALE1283,CUST1283,PROJ009,009-A-125,2022-07-07,10206132,BRK007,Sold
SALE1284,CUST1284,PROJ009,009-D-118,2022-07-08,16080897,BRK003,Sold
SALE1285,CUST1285,PROJ009,009-D-107,2022-07-11,19239250,BRK007,Sold
SALE1286,CUST1286,PROJ009,009-A-112,2022-07-15,17952223,BRK012,Sold
SALE1287,CUST1287,PROJ009,009-B-131,2022-07-22,18510854,BRK003,Sold
SALE1288,CUST1288,PROJ009,009-A-117,2022-07-23,14066496,BRK006,Sold
SALE1289,CUST1289,PROJ009,009-B-118,2022-07-26,20593918,BRK007,Sold
SALE1290,CUST1290,PROJ009,009-A-118,2022-08-07,19901462,BRK011,Sold
SALE1291,CUST1291,PROJ009,009-B-121,2022-08-10,14593865,BRK007,Sold
SALE1292,CUST1292,PROJ009,009-A-130,2022-08-12,14994459,BRK009,Sold
SALE1293,CUST1293,PROJ009,009-A-127,2022-08-17,10361547,BRK014,Sold
SALE1294,CUST1294,PROJ009,009-B-119,2022-08-23,11772421,BRK006,Sold
SALE1295,CUST1295,PROJ009,009-B-102,2022-09-24,14984415,BRK009,Sold
SALE1296,CUST1296,PROJ009,009-C-115,2022-10-01,20347623,BRK015,Sold
SALE1297,CUST1297,PROJ009,009-C-106,2022-10-29,17016273,BRK012,Sold
SALE1298,CUST1298,PROJ009,009-B-120,2022-11-05,21109713,BRK005,Sold
SALE1299,CUST1299,PROJ009,009-B-125,2022-11-07,15396736,BRK011,Sold
SALE1300,CUST1300,PROJ009,009-C-120,2022-11-18,11321315,BRK008,Sold
SALE1301,CUST1301,PROJ009,009-B-130,2022-11-25,17649142,BRK010,Sold
SALE1302,CUST1302,PROJ009,009-C-117,2023-01-10,16280937,BRK011,Sold
SALE1303,CUST1303,PROJ009,009-A-110,2023-01-11,15844619,BRK013,Sold
SALE1304,CUST1304,PROJ009,009-B-115,2023-02-19,17616049,BRK004,Sold
SALE1305,CUST1305,PROJ009,009-B-129,2023-02-21,13157603,BRK006,Sold
SALE1306,CUST1306,PROJ009,009-B-122,2023-02-22,16614771,BRK015,Sold
SALE1307,CUST1307,PROJ009,009-C-119,2023-02-24,20813777,BRK014,Sold
SALE1308,CUST1308,PROJ009,009-A-126,2023-03-22,18064183,BRK015,Sold
SALE1309,CUST1309,PROJ009,009-B-133,2023-04-17,21383583,BRK004,Sold
SALE1310,CUST1310,PROJ009,009-D-114,2023-05-07,20101549,BRK004,Sold
SALE1311,CUST1311,PROJ009,009-D-120,2023-05-15,10280475,BRK003,Sold
SALE1312,CUST1312,PROJ009,009-A-129,2023-05-20,16831850,BRK009,Sold
SALE1313,CUST1313,PROJ009,009-C-129,2023-05-21,19814625,BRK001,Sold
SALE1314,CUST1314,PROJ009,009-B-101,2023-05-27,17088036,BRK010,Sold
SALE1315,CUST1315,PROJ009,009-B-128,2023-06-21,14771287,BRK004,Sold
SALE1316,CUST1316,PROJ009,009-D-123,2023-06-22,19447201,BRK015,Sold
SALE1317,CUST1317,PROJ009,009-D-132,2023-06-24,15765299,BRK005,Sold
SALE1318,CUST1318,PROJ009,009-C-127,2023-07-01,15917185,BRK008,Sold
SALE1319,CUST1319,PROJ009,009-D-106,2023-07-10,15740837,BRK015,Sold
SALE1320,CUST1320,PROJ009,009-C-110,2023-07-11,17212800,BRK008,Sold
SALE1321,CUST1321,PROJ009,009-A-102,2023-07-14,19240167,BRK003,Sold
SALE1322,CUST1322,PROJ009,009-C-112,2023-07-18,18755564,BRK013,Sold
SALE1323,CUST1323,PROJ009,009-D-135,2023-08-05,16586526,BRK015,Sold
SALE1324,CUST1324,PROJ009,009-C-103,2023-08-27,16229955,BRK008,Sold
SALE1325,CUST1325,PROJ009,009-D-102,2023-09-06,17256148,BRK007,Sold
SALE1326,CUST1326,PROJ009,009-C-109,2023-10-14,16124527,BRK007,Sold
SALE1327,CUST1327,PROJ009,009-B-114,2023-10-20,21318874,BRK007,Sold
SALE1328,CUST1328,PROJ009,009-A-132,2023-10-25,17256641,BRK013,Sold
SALE1329,CUST1329,PROJ009,009-A-133,2023-11-10,11975683,BRK013,Sold
SALE1330,CUST1330,PROJ009,009-C-118,2023-11-15,14458993,BRK014,Sold
SALE1331,CUST1331,PROJ009,009-A-134,2023-11-22,21698511,BRK010,Sold
SALE1332,CUST1332,PROJ009,009-C-123,2023-11-23,17124570,BRK011,Sold
SALE1333,CUST1333,PROJ009,009-C-132,2023-12-08,21143920,BRK010,Sold
SALE1334,CUST1334,PROJ009,009-B-124,2024-01-23,11683447,BRK013,Sold
SALE1335,CUST1335,PROJ009,009-B-110,2024-02-01,17465922,BRK013,Sold
SALE1336,CUST1336,PROJ009,009-B-108,2024-02-06,16734132,BRK007,Sold
SALE1337,CUST1337,PROJ009,009-B-109,2024-02-08,19994728,BRK008,Sold
SALE1338,CUST1338,PROJ009,009-C-126,2024-02-10,13178655,BRK010,Sold
SALE1339,CUST1339,PROJ009,009-C-121,2024-02-13,13788851,BRK005,Sold
SALE1340,CUST1340,PROJ009,009-C-111,2024-02-16,11662026,BRK009,Sold
SALE1341,CUST1341,PROJ009,009-B-134,2024-02-17,21181901,BRK015,Sold
SALE1342,CUST1342,PROJ009,009-D-108,2024-02-20,14991109,BRK008,Sold
SALE1343,CUST1343,PROJ009,009-D-110,2024-02-26,18564775,BRK015,Sold
SALE1344,CUST1344,PROJ009,009-D-105,2024-03-01,21370628,BRK002,Sold
SALE1345,CUST1345,PROJ009,009-A-131,2024-03-08,12197452,BRK008,Sold
SALE1346,CUST1346,PROJ009,009-C-135,2024-03-09,12572216,BRK014,Sold
SALE1347,CUST1347,PROJ009,009-B-127,2024-03-20,12232596,BRK001,Sold
SALE1348,CUST1348,PROJ009,009-B-103,2024-03-20,15874510,BRK007,Sold
SALE1349,CUST1349,PROJ009,009-C-108,2024-03-22,20647806,BRK015,Sold
SALE1350,CUST1350,PROJ009,009-C-130,2024-03-24,15405279,BRK008,Sold
SALE1351,CUST1351,PROJ009,009-A-114,2024-04-19,14178282,BRK009,Sold
SALE1352,CUST1352,PROJ009,009-A-104,2024-05-18,17282436,BRK011,Sold
SALE1353,CUST1353,PROJ009,009-A-109,2024-05-23,19243580,BRK004,Sold
SALE1354,CUST1354,PROJ009,009-D-117,2024-05-25,12794931,BRK009,Sold
SALE1355,CUST1355,PROJ009,009-D-121,2024-05-28,17791577,BRK004,Sold
SALE1356,CUST1356,PROJ009,009-A-111,2024-06-03,21388860,BRK001,Sold
SALE1357,CUST1357,PROJ009,009-A-121,2024-06-11,15291064,BRK013,Sold
SALE1358,CUST1358,PROJ009,009-B-123,2024-06-23,17044665,BRK009,Sold
SALE1359,CUST1359,PROJ009,009-C-101,2024-07-07,20989222,BRK012,Sold
SALE1360,CUST1360,PROJ009,009-C-125,2024-07-08,18283980,BRK007,Sold
SALE1361,CUST1361,PROJ009,009-A-105,2024-07-24,15815161,BRK011,Sold
SALE1362,CUST1362,PROJ009,009-C-133,2024-07-31,12706640,BRK010,Sold
SALE1363,CUST1363,PROJ009,009-B-107,2024-08-14,15753008,BRK013,Sold
SALE1364,CUST1364,PROJ009,009-B-135,2024-08-19,12210710,BRK009,Sold
SALE1365,CUST1365,PROJ009,009-D-115,2024-08-21,17116213,BRK013,Sold
SALE1366,CUST1366,PROJ009,009-A-103,2024-09-09,20907730,BRK010,Sold
SALE1367,CUST1367,PROJ009,009-A-122,2024-09-13,18922451,BRK014,Sold
SALE1368,CUST1368,PROJ009,009-B-132,2024-09-26,15645637,BRK011,Sold
